"order_id","user_id","eval_set","order_number","order_dow","order_hour_of_day","days_since_prior_order"
40,382,"prior",29,1,15,23
214,503,"prior",5,0,16,9
178,971,"prior",2,3,11,19
280,1059,"prior",27,1,10,6
637,1177,"prior",23,5,17,10
889,1264,"prior",25,1,7,4
835,1440,"prior",3,2,14,6
377,1868,"prior",65,1,13,2
708,1873,"prior",4,0,17,30
504,2201,"prior",10,3,17,22
877,2609,"prior",22,5,15,3
814,2777,"prior",17,0,19,21
975,2822,"prior",2,1,15,27
8,3107,"prior",5,4,6,17
74,3321,"prior",31,5,21,14
629,3351,"prior",3,3,0,30
783,3671,"prior",8,6,15,27
832,3683,"prior",20,0,10,7
85,4041,"prior",25,5,11,7
255,4076,"prior",30,0,20,3
176,4209,"prior",7,1,17,16
936,4484,"prior",8,1,6,30
104,4645,"prior",8,5,18,3
470,4793,"prior",14,5,15,30
102,4988,"prior",8,3,16,30
666,5152,"prior",2,5,12,13
91,5189,"prior",54,0,14,3
599,5217,"prior",4,1,12,5
64,5430,"prior",8,0,16,6
558,5721,"prior",7,1,11,6
67,5738,"prior",4,3,12,6
755,5860,"prior",53,3,12,1
884,5910,"prior",16,3,10,9
289,5927,"prior",14,0,8,7
949,6141,"prior",1,3,21,NA
754,6409,"prior",33,6,11,28
379,6801,"prior",59,5,23,7
740,6832,"prior",6,4,22,30
334,7114,"prior",13,0,8,20
735,7358,"prior",29,6,19,2
128,7440,"prior",92,1,14,3
496,7580,"prior",3,5,12,4
846,7864,"prior",5,4,16,30
777,7870,"prior",2,6,13,8
564,8422,"prior",34,6,17,15
282,8456,"prior",11,0,12,14
803,8535,"prior",17,5,8,7
142,8841,"prior",43,4,22,9
720,8910,"prior",4,6,13,7
506,8941,"prior",24,3,8,30
325,9579,"prior",2,3,13,30
745,10031,"prior",50,5,12,5
175,10358,"prior",42,4,18,2
663,10441,"prior",20,5,20,1
299,10546,"prior",12,2,10,6
799,10600,"prior",21,5,18,8
626,10747,"prior",78,3,13,2
907,10799,"prior",3,4,11,28
46,10951,"prior",3,0,18,18
389,11216,"prior",8,4,9,5
454,11335,"prior",23,1,17,14
791,11419,"prior",4,3,13,26
61,12295,"prior",2,1,9,7
686,12445,"prior",11,2,4,13
254,12711,"prior",43,6,16,5
542,12899,"prior",30,1,15,3
157,13055,"prior",37,6,17,3
587,13112,"prior",39,2,12,8
766,13554,"prior",27,1,10,6
477,13665,"prior",3,4,12,30
195,14264,"prior",38,0,16,15
786,14386,"prior",19,0,13,14
333,15068,"prior",36,4,10,3
796,15161,"prior",83,5,14,2
134,15608,"prior",7,1,8,30
853,15634,"prior",14,5,19,3
920,15956,"prior",8,1,8,6
403,16181,"prior",10,5,12,14
159,16286,"prior",38,4,13,3
130,16288,"prior",1,0,15,NA
570,16482,"prior",12,3,14,7
103,16694,"prior",4,2,9,8
643,17076,"prior",1,0,8,NA
347,17155,"prior",94,1,16,7
167,17547,"prior",7,0,12,30
696,17551,"prior",16,2,17,3
320,17669,"prior",1,1,15,NA
526,17900,"prior",9,0,23,10
14,18194,"prior",49,3,15,3
514,18201,"prior",15,4,10,6
747,18237,"prior",10,1,8,8
184,18409,"prior",6,0,19,30
459,18550,"prior",10,1,8,29
101,18783,"prior",33,3,15,6
552,18926,"prior",22,4,13,12
427,19785,"prior",4,1,13,9
518,20663,"prior",44,0,20,7
198,21336,"prior",10,1,9,30
146,21343,"prior",43,5,16,7
200,21425,"prior",2,5,22,21
728,21456,"prior",2,1,11,12
84,21551,"prior",36,2,16,5
260,21630,"prior",7,5,10,11
764,21807,"prior",5,6,12,7
723,21823,"prior",16,3,19,4
446,22274,"prior",93,5,13,0
559,22322,"prior",20,1,4,16
753,22350,"prior",1,3,9,NA
6,22352,"prior",4,1,12,30
169,22517,"prior",3,0,9,14
707,22757,"prior",4,5,17,11
472,22824,"prior",26,2,20,1
864,22835,"prior",52,4,15,8
577,22836,"prior",18,3,18,3
964,22986,"prior",58,0,11,5
699,23011,"prior",4,2,20,3
489,23535,"prior",5,2,12,30
120,23750,"prior",11,6,8,10
900,24019,"prior",30,1,17,2
977,24034,"prior",10,6,17,19
153,24173,"prior",4,4,17,4
967,24508,"prior",9,0,16,26
158,24721,"prior",8,1,15,30
311,25023,"prior",17,2,11,30
267,25414,"prior",53,0,9,7
980,25503,"prior",21,1,17,4
354,25862,"prior",19,5,10,8
609,25883,"prior",4,2,15,1
119,25967,"prior",5,4,11,4
275,26030,"prior",51,1,10,2
351,26183,"prior",18,5,14,1
756,26355,"prior",12,6,13,2
500,26454,"prior",8,0,8,22
963,26481,"prior",9,0,19,30
65,26599,"prior",9,2,10,11
360,26871,"prior",2,2,16,30
187,26978,"prior",43,5,16,9
371,27212,"prior",7,2,13,10
52,27498,"prior",18,3,10,1
453,27896,"prior",16,0,12,7
355,28266,"prior",13,1,13,27
665,28332,"prior",7,6,23,14
890,28394,"prior",6,4,17,30
813,28585,"prior",8,4,8,30
899,28945,"prior",12,3,10,10
297,29096,"prior",1,0,11,NA
916,29494,"prior",28,0,8,6
292,29552,"prior",15,3,16,7
233,29724,"prior",20,4,17,8
641,29916,"prior",7,2,9,7
849,30009,"prior",4,2,13,3
672,30564,"prior",37,6,22,0
248,30576,"prior",8,5,10,9
172,30618,"prior",17,4,8,8
543,30816,"prior",1,0,12,NA
22,30822,"prior",25,1,8,12
973,30997,"prior",7,1,7,11
586,31030,"prior",16,2,11,11
479,31038,"prior",9,2,9,16
591,31111,"prior",14,5,17,8
732,31513,"prior",6,5,20,19
718,31957,"prior",10,1,20,8
595,32240,"prior",68,4,6,3
931,32252,"prior",31,1,21,6
385,32268,"prior",21,6,16,5
691,32597,"prior",23,1,10,14
490,32953,"prior",40,1,15,6
213,33094,"prior",16,3,18,9
326,33704,"prior",12,3,9,7
614,33769,"prior",4,5,18,20
428,33799,"prior",16,4,10,2
57,34016,"prior",1,6,8,NA
529,34037,"prior",6,4,10,30
554,34076,"prior",4,2,22,30
865,34108,"prior",8,6,13,7
600,34215,"prior",8,2,13,4
339,34416,"prior",57,2,16,5
640,34791,"prior",4,6,0,30
250,34840,"prior",13,1,7,17
131,34858,"prior",42,3,10,2
416,34870,"prior",13,4,13,3
522,35250,"prior",6,1,15,12
861,35487,"prior",23,3,12,7
545,35519,"prior",7,0,9,1
616,35556,"prior",4,6,17,30
298,35569,"prior",6,5,17,5
322,36278,"prior",2,1,9,7
550,36504,"prior",29,5,16,10
237,36603,"prior",1,2,17,NA
615,36811,"prior",27,6,8,11
682,36916,"prior",18,6,6,2
851,37473,"prior",47,2,11,4
822,37613,"prior",65,2,16,4
392,37700,"prior",5,3,8,7
969,37701,"prior",19,0,8,0
769,37708,"prior",6,4,10,19
667,37763,"prior",2,3,16,2
623,37804,"prior",63,3,12,3
45,37913,"prior",55,1,14,0
605,37949,"prior",20,1,12,0
580,38171,"prior",46,3,13,5
650,38617,"prior",52,6,12,4
576,38664,"prior",5,1,16,6
668,38722,"prior",10,1,15,9
705,38886,"prior",2,5,11,7
867,39021,"prior",51,3,13,1
951,39039,"prior",6,0,7,8
438,39176,"prior",19,4,15,3
166,39287,"prior",9,0,7,4
527,39332,"prior",6,2,21,10
625,39460,"prior",85,1,10,7
43,39630,"prior",14,5,17,4
209,40286,"prior",4,0,17,21
94,40375,"prior",5,3,16,8
461,40496,"prior",8,0,15,12
555,40590,"prior",70,2,7,4
83,41155,"prior",7,6,20,20
409,41502,"prior",7,1,18,17
148,41523,"prior",27,2,17,5
56,41591,"prior",8,0,12,2
618,41594,"prior",17,1,19,18
812,41934,"prior",1,0,16,NA
573,42147,"prior",16,1,14,9
348,42181,"prior",11,2,16,8
909,42474,"prior",5,4,15,30
606,42671,"prior",30,2,20,4
597,43517,"prior",12,1,19,2
127,43629,"prior",8,6,11,3
210,43756,"prior",26,2,22,14
90,43798,"prior",14,2,16,13
842,44062,"prior",10,6,11,7
269,44103,"prior",77,0,11,1
337,44598,"prior",27,1,10,19
253,44802,"prior",7,2,15,7
892,44995,"prior",5,5,6,30
13,45082,"prior",2,6,17,1
687,45258,"prior",23,6,13,5
408,45631,"prior",17,1,18,14
565,45892,"prior",47,5,10,4
913,45933,"prior",28,2,9,6
693,46277,"prior",4,5,9,7
276,46527,"prior",34,6,11,6
788,47066,"prior",19,2,13,9
229,47358,"prior",7,0,22,8
194,48052,"prior",30,0,13,1
177,48308,"prior",27,2,16,8
415,48412,"prior",1,4,18,NA
367,48730,"prior",3,4,19,19
746,48900,"prior",9,0,12,18
729,48968,"prior",7,1,13,6
370,49030,"prior",34,6,10,10
145,49610,"prior",1,4,12,NA
516,49838,"prior",8,3,15,10
817,50237,"prior",61,4,15,3
508,51003,"prior",6,5,11,10
239,51178,"prior",39,4,9,9
149,51424,"prior",8,5,13,1
998,51603,"prior",10,0,17,15
406,51849,"prior",5,5,9,19
630,51955,"prior",1,0,16,NA
259,52205,"prior",7,1,12,10
37,52564,"prior",1,4,17,NA
471,52745,"prior",5,6,18,30
381,52824,"prior",19,0,14,5
991,53272,"prior",19,5,16,26
613,53840,"prior",8,6,11,6
174,53965,"prior",25,5,9,4
469,54336,"prior",3,5,16,7
294,54538,"prior",33,0,12,7
633,54591,"prior",5,1,14,5
654,54729,"prior",52,5,13,7
302,54878,"prior",12,5,12,8
15,54901,"prior",51,3,11,2
917,55154,"prior",2,1,12,6
135,55179,"prior",13,2,12,6
736,55633,"prior",3,1,15,8
304,55713,"prior",58,1,13,2
918,55978,"prior",3,3,15,20
92,56022,"prior",13,6,9,6
439,56056,"prior",13,3,10,9
480,56158,"prior",4,4,18,4
232,56896,"prior",1,6,14,NA
841,56904,"prior",4,4,13,30
726,57362,"prior",25,2,17,7
285,57561,"prior",11,5,18,10
819,57911,"prior",3,5,23,18
593,57957,"prior",7,1,7,17
361,58087,"prior",1,2,0,NA
188,58122,"prior",18,6,11,2
235,58701,"prior",20,5,9,9
327,58707,"prior",21,6,9,8
780,58975,"prior",4,1,19,30
706,59106,"prior",47,3,18,2
767,59476,"prior",16,0,10,11
809,59478,"prior",30,2,14,7
25,59897,"prior",19,6,10,25
336,60174,"prior",14,2,13,21
596,60562,"prior",11,0,10,12
323,60766,"prior",13,4,10,7
790,60800,"prior",10,4,16,5
990,61052,"prior",7,4,11,30
481,61134,"prior",31,5,17,8
704,61148,"prior",31,0,9,7
802,61190,"prior",5,6,8,3
338,61454,"prior",38,3,13,5
344,61721,"prior",10,4,11,7
804,61834,"prior",7,5,17,5
511,61839,"prior",5,6,17,13
954,62287,"prior",22,6,15,13
243,62481,"prior",3,2,10,30
733,62760,"prior",3,5,21,13
100,62781,"prior",1,2,13,NA
721,62846,"prior",19,1,13,13
263,62875,"prior",8,1,17,25
636,63276,"prior",12,5,17,3
445,63288,"prior",1,6,0,NA
993,63498,"prior",22,0,9,13
220,63952,"prior",26,3,17,6
399,64024,"prior",6,2,19,10
274,64392,"prior",8,2,9,15
465,65540,"prior",1,1,16,NA
362,65561,"prior",20,4,11,2
997,65939,"prior",9,1,13,15
939,66039,"prior",3,1,18,7
291,66046,"prior",8,4,22,6
125,66104,"prior",21,6,12,5
126,66138,"prior",4,3,15,11
979,66509,"prior",17,6,13,6
301,66567,"prior",10,0,10,8
568,66971,"prior",8,2,9,20
60,66984,"prior",9,0,10,6
290,67140,"prior",14,0,17,8
140,67155,"prior",13,3,14,20
560,67315,"prior",1,6,17,NA
499,68120,"prior",7,6,16,4
208,68303,"prior",7,4,13,6
23,68572,"prior",21,1,18,8
757,68826,"prior",13,4,15,16
324,68950,"prior",7,4,12,12
722,69144,"prior",26,0,18,3
468,69420,"prior",5,1,15,25
124,69812,"prior",15,5,8,30
71,69984,"prior",20,1,13,11
744,70318,"prior",6,5,20,6
245,70322,"prior",1,4,9,NA
940,70381,"prior",10,5,10,3
945,70421,"prior",1,4,10,NA
937,70446,"prior",40,4,12,7
827,71113,"prior",1,3,8,NA
583,71244,"prior",20,4,15,11
750,71771,"prior",34,5,10,8
999,71917,"prior",23,6,14,6
709,72533,"prior",1,5,6,NA
688,72738,"prior",38,2,14,4
206,72973,"prior",50,0,9,3
671,73068,"prior",1,1,15,NA
110,73241,"prior",1,0,15,NA
382,73283,"prior",15,2,9,2
154,73310,"prior",68,6,19,0
173,73399,"prior",29,6,12,7
902,73822,"prior",3,4,17,6
848,73835,"prior",28,0,14,3
771,73968,"prior",16,0,17,7
955,74315,"prior",59,0,20,7
734,74680,"prior",33,1,9,4
825,74842,"prior",2,2,11,6
76,75136,"prior",5,1,19,30
117,75394,"prior",15,5,13,8
203,75564,"prior",11,4,14,8
903,76103,"prior",17,3,12,15
581,76141,"prior",3,6,17,7
433,76234,"prior",17,1,12,10
905,76674,"prior",19,5,14,8
646,76803,"prior",4,1,11,10
300,76870,"prior",13,6,17,4
785,77133,"prior",5,0,20,3
252,78634,"prior",7,3,18,7
584,78727,"prior",2,6,19,6
571,78998,"prior",5,1,11,9
49,79165,"prior",14,1,22,7
450,79317,"prior",19,1,8,5
509,79643,"prior",6,1,9,3
658,80981,"prior",6,2,7,7
879,81339,"prior",8,2,11,5
478,81461,"prior",3,0,12,8
29,81606,"prior",14,5,12,10
249,81951,"prior",3,6,8,6
598,81979,"prior",4,6,9,8
958,82288,"prior",3,1,23,7
808,82414,"prior",7,3,9,1
743,82598,"prior",72,3,7,1
247,82764,"prior",15,5,10,22
19,83009,"prior",7,5,17,13
487,83068,"prior",61,0,10,1
66,83434,"prior",15,0,15,5
82,83499,"prior",20,1,13,3
212,83727,"prior",17,1,6,5
380,83896,"prior",3,5,17,26
179,84068,"prior",4,6,18,4
784,84440,"prior",13,0,13,4
986,84549,"prior",19,2,11,8
632,84859,"prior",20,3,8,6
594,84876,"prior",2,1,22,28
737,84980,"prior",3,1,17,8
768,85120,"prior",17,0,12,3
655,85219,"prior",28,3,20,5
41,85264,"prior",20,2,11,21
366,85359,"prior",25,0,14,5
761,85484,"prior",3,1,16,30
501,86142,"prior",40,2,12,16
952,86669,"prior",2,4,17,4
109,86865,"prior",20,0,9,17
401,86884,"prior",19,1,9,6
935,87136,"prior",11,4,18,5
556,87144,"prior",2,4,10,30
697,87185,"prior",5,0,19,0
826,87810,"prior",2,3,9,23
495,87872,"prior",7,2,11,30
53,87889,"prior",5,4,20,3
711,87889,"prior",18,1,11,17
141,88362,"prior",32,4,10,3
161,88526,"prior",11,1,23,19
21,88772,"prior",13,2,12,5
42,89125,"prior",11,0,20,3
283,89598,"prior",10,1,13,2
837,89900,"prior",8,6,13,7
494,90250,"prior",7,6,17,14
779,90709,"prior",18,1,16,5
608,91030,"prior",11,3,21,12
551,91201,"prior",21,1,10,28
981,91324,"prior",17,5,13,5
793,91593,"prior",2,1,14,12
77,91667,"prior",19,1,11,5
114,91891,"prior",1,0,11,NA
286,91926,"prior",2,1,12,30
54,91977,"prior",2,3,15,30
296,92052,"prior",36,1,17,0
463,92093,"prior",18,1,17,5
238,92123,"prior",4,6,9,4
961,92385,"prior",4,2,14,6
197,92707,"prior",52,5,20,7
121,93455,"prior",30,1,11,4
264,93764,"prior",30,5,15,21
540,93962,"prior",8,0,9,22
601,94143,"prior",1,6,12,NA
50,94330,"prior",25,1,13,4
652,94596,"prior",15,5,13,9
875,94977,"prior",31,1,9,8
256,95044,"prior",14,5,13,13
603,95063,"prior",87,6,12,10
622,95549,"prior",4,0,16,6
880,95838,"prior",29,4,10,5
669,96183,"prior",25,3,12,4
350,96296,"prior",45,3,14,7
180,96385,"prior",20,6,19,7
78,96511,"prior",3,2,15,15
68,96594,"prior",3,3,10,30
234,96828,"prior",55,1,12,9
246,97039,"prior",7,3,4,3
155,97415,"prior",8,2,12,2
331,97427,"prior",1,6,17,NA
236,97664,"prior",2,0,12,10
870,97917,"prior",7,0,12,14
423,97970,"prior",20,4,16,7
28,98256,"prior",29,3,13,6
642,98841,"prior",5,1,14,21
534,99415,"prior",5,4,16,19
123,99471,"prior",17,5,12,6
531,99518,"prior",2,6,18,2
266,99546,"prior",2,5,7,28
772,99707,"prior",67,4,12,1
854,99802,"prior",22,5,13,5
215,100052,"prior",1,1,11,NA
519,100101,"prior",11,2,14,30
227,100142,"prior",35,1,21,2
207,100208,"prior",3,5,14,6
287,100513,"prior",3,1,13,5
532,100845,"prior",7,2,15,2
965,100993,"prior",31,0,21,0
960,101021,"prior",30,5,18,4
466,101150,"prior",47,3,10,6
412,101249,"prior",5,3,21,15
310,101311,"prior",2,3,10,10
88,102020,"prior",4,0,11,7
319,102031,"prior",6,4,21,7
924,102115,"prior",13,2,17,9
111,102275,"prior",6,3,17,25
621,102288,"prior",25,1,7,4
216,102339,"prior",94,5,15,2
679,102514,"prior",14,4,14,3
859,103018,"prior",7,6,15,6
152,103040,"prior",12,1,10,7
462,103166,"prior",4,5,18,4
183,104879,"prior",38,5,9,4
592,105010,"prior",3,0,8,21
741,105105,"prior",6,2,14,1
457,105560,"prior",16,1,16,30
89,105579,"prior",47,0,15,2
932,106113,"prior",6,1,17,30
930,106143,"prior",24,6,12,4
75,106387,"prior",1,5,19,NA
436,106876,"prior",29,6,11,7
914,107093,"prior",7,1,11,9
713,107098,"prior",17,4,16,7
897,107447,"prior",10,2,22,13
99,108185,"prior",2,6,14,11
824,108666,"prior",29,0,11,5
434,108854,"prior",12,5,9,8
689,108932,"prior",16,1,13,3
318,108940,"prior",23,4,22,8
850,109048,"prior",5,6,13,18
224,109534,"prior",6,0,14,13
277,109712,"prior",4,0,1,7
505,110754,"prior",4,1,16,30
384,110980,"prior",33,3,11,6
876,111344,"prior",1,3,15,NA
739,111451,"prior",27,5,12,2
156,111475,"prior",7,6,22,20
798,111550,"prior",75,3,9,2
448,111664,"prior",9,5,19,12
217,112125,"prior",2,0,8,21
834,112278,"prior",7,5,18,14
927,112606,"prior",2,1,12,22
816,112686,"prior",9,0,15,1
778,113167,"prior",26,0,13,17
574,113517,"prior",19,6,10,6
872,113526,"prior",5,6,6,6
547,113831,"prior",6,4,11,9
956,114097,"prior",20,6,15,9
681,114191,"prior",8,1,18,5
860,114223,"prior",5,1,18,30
483,115184,"prior",30,1,11,11
69,115481,"prior",16,3,12,3
204,115481,"prior",74,6,9,3
698,115540,"prior",31,5,21,3
163,115844,"prior",16,2,14,0
748,116022,"prior",19,0,23,7
922,116331,"prior",18,2,15,4
391,116932,"prior",6,1,17,1
168,117132,"prior",18,5,15,2
972,117174,"prior",33,5,13,17
858,117961,"prior",1,6,11,NA
938,118129,"prior",5,0,10,7
710,118558,"prior",7,1,12,0
18,118860,"prior",3,4,20,6
966,118986,"prior",13,5,16,15
116,119087,"prior",25,6,18,0
421,119095,"prior",1,0,23,NA
989,119114,"prior",12,0,14,8
271,119186,"prior",7,0,18,27
32,119216,"prior",4,1,19,11
852,119249,"prior",2,5,20,19
970,119437,"prior",42,0,8,8
830,119835,"prior",89,0,15,2
33,119866,"prior",6,1,18,21
959,119941,"prior",2,6,13,21
343,120226,"prior",8,2,10,16
653,120475,"prior",2,2,13,15
714,120615,"prior",2,3,15,0
364,120742,"prior",29,2,11,5
549,120786,"prior",4,2,21,8
894,120895,"prior",17,2,9,2
662,120923,"prior",39,3,10,1
410,121327,"prior",34,2,14,5
376,121858,"prior",11,5,16,14
811,121906,"prior",36,5,17,5
847,121984,"prior",18,4,6,2
63,122048,"prior",21,0,13,4
262,122266,"prior",2,5,19,15
908,122962,"prior",19,0,12,15
806,123170,"prior",8,1,15,6
883,123765,"prior",30,3,8,7
886,123819,"prior",15,0,7,9
485,124536,"prior",15,3,8,7
115,124725,"prior",13,0,9,8
321,125272,"prior",36,1,12,17
579,125944,"prior",5,0,13,7
309,126109,"prior",17,5,10,30
910,126435,"prior",2,0,16,30
150,126892,"prior",4,4,12,2
429,126918,"prior",2,0,9,7
122,127081,"prior",16,2,1,5
272,127211,"prior",10,5,14,4
55,127522,"prior",8,4,14,5
942,127773,"prior",7,5,16,4
488,127848,"prior",22,1,19,4
635,127975,"prior",9,0,16,5
70,128213,"prior",2,6,15,4
374,128335,"prior",7,2,18,2
378,128710,"prior",66,5,9,2
898,128894,"prior",11,6,7,7
113,128979,"prior",2,3,12,30
538,129024,"prior",17,0,10,11
27,129389,"prior",16,6,20,14
345,129475,"prior",16,2,10,6
93,130239,"prior",15,6,10,19
225,130657,"prior",9,1,9,22
760,130749,"prior",9,3,15,3
143,130982,"prior",7,0,16,7
925,131093,"prior",94,1,10,2
836,131119,"prior",2,5,18,3
241,131535,"prior",2,2,18,13
660,131699,"prior",15,5,13,1
332,131796,"prior",9,6,9,7
441,132697,"prior",5,1,13,7
994,132836,"prior",22,5,16,30
800,132856,"prior",3,5,7,3
996,132877,"prior",1,1,15,NA
512,133066,"prior",12,2,16,2
566,133183,"prior",4,1,19,11
193,133810,"prior",8,0,11,7
992,133810,"prior",57,0,12,4
315,133849,"prior",33,2,16,3
941,134625,"prior",18,0,7,25
10,135442,"prior",4,6,8,8
649,135836,"prior",1,4,7,NA
664,135845,"prior",4,0,12,7
627,135886,"prior",41,4,18,6
118,136173,"prior",20,4,21,3
585,137128,"prior",5,0,18,7
59,137346,"prior",8,1,19,11
288,137357,"prior",41,2,7,5
717,137387,"prior",15,0,13,30
647,137453,"prior",45,3,16,1
230,137575,"prior",7,2,9,7
431,137716,"prior",39,1,11,8
536,138768,"prior",1,1,9,NA
648,138800,"prior",28,6,0,6
9,139016,"prior",14,0,19,5
787,139178,"prior",59,5,18,1
810,139365,"prior",45,6,14,3
265,139432,"prior",38,0,9,9
498,139602,"prior",10,1,14,12
467,140348,"prior",8,6,10,22
716,140474,"prior",2,6,8,8
455,140595,"prior",10,1,15,5
357,140609,"prior",9,5,17,2
794,141026,"prior",23,0,15,8
181,141062,"prior",19,0,16,15
107,141357,"prior",33,3,20,6
546,141401,"prior",18,2,11,4
533,141438,"prior",7,6,18,11
829,141625,"prior",7,1,10,7
781,142038,"prior",1,2,14,NA
715,142186,"prior",8,0,11,4
928,142284,"prior",47,3,22,0
725,142872,"prior",10,1,17,9
7,142903,"prior",11,2,14,30
953,143108,"prior",45,6,12,1
789,143268,"prior",1,4,21,NA
919,143506,"prior",24,4,11,7
356,143707,"prior",35,2,13,1
11,143742,"prior",4,1,19,23
284,143768,"prior",33,4,23,2
199,143951,"prior",5,3,10,16
588,145181,"prior",11,2,15,6
222,145501,"prior",27,1,11,8
422,146023,"prior",21,5,15,6
694,146044,"prior",8,2,8,8
863,146499,"prior",2,5,15,30
702,146600,"prior",81,3,7,3
425,146671,"prior",15,1,11,30
944,146752,"prior",2,0,11,12
801,146802,"prior",6,6,19,6
486,146875,"prior",11,2,16,6
645,146921,"prior",6,2,8,30
856,146969,"prior",3,1,16,24
139,146988,"prior",10,6,18,7
426,147194,"prior",38,5,15,7
231,147443,"prior",2,1,18,30
823,147520,"prior",5,3,10,8
602,147552,"prior",5,4,23,6
868,147578,"prior",3,6,23,5
132,147650,"prior",10,6,12,30
929,147801,"prior",27,3,13,9
373,148175,"prior",16,6,17,30
752,148177,"prior",6,3,13,22
792,148306,"prior",19,2,9,7
458,148347,"prior",2,2,12,10
751,148573,"prior",2,5,17,2
775,149156,"prior",3,5,8,16
776,149408,"prior",8,0,20,7
572,150255,"prior",2,4,13,30
548,150283,"prior",1,4,10,NA
305,150329,"prior",21,3,15,5
933,150555,"prior",9,2,6,6
58,150647,"prior",9,3,8,7
189,150723,"prior",5,3,16,6
742,150739,"prior",4,0,17,10
460,151207,"prior",3,5,13,27
644,151223,"prior",1,5,16,NA
524,152160,"prior",3,6,8,30
683,152537,"prior",3,0,15,30
73,152590,"prior",13,0,12,0
12,152610,"prior",22,6,8,10
923,152807,"prior",41,2,8,7
845,152992,"prior",3,5,8,30
563,153069,"prior",1,3,23,NA
557,153133,"prior",13,3,20,30
561,153285,"prior",7,1,16,15
26,153404,"prior",2,0,16,7
515,153416,"prior",17,1,12,14
261,153543,"prior",14,0,13,9
502,153628,"prior",22,5,17,3
690,154391,"prior",15,5,15,12
202,154766,"prior",8,1,8,4
251,155188,"prior",6,1,11,8
968,155209,"prior",64,5,17,3
440,155234,"prior",4,0,15,21
398,155472,"prior",2,2,11,30
87,155476,"prior",6,1,15,4
831,155741,"prior",6,6,14,20
328,156112,"prior",10,1,20,8
5,156122,"prior",42,6,16,9
228,156462,"prior",4,1,16,26
815,156505,"prior",56,6,15,4
946,157339,"prior",10,2,16,3
763,158164,"prior",16,5,13,2
874,158524,"prior",3,0,23,6
352,158641,"prior",7,2,18,6
695,158663,"prior",8,0,8,7
396,158728,"prior",9,0,15,3
773,159379,"prior",4,2,17,3
885,159872,"prior",11,0,13,7
985,160167,"prior",1,6,21,NA
589,160442,"prior",3,1,15,6
882,160538,"prior",13,5,20,8
394,160625,"prior",16,5,13,1
387,160646,"prior",13,1,14,14
901,160657,"prior",31,1,23,8
51,160959,"prior",6,0,10,7
106,161214,"prior",10,0,18,30
957,161508,"prior",4,1,10,8
346,161624,"prior",3,6,18,26
926,161700,"prior",6,2,13,7
420,161762,"prior",37,2,11,2
888,161885,"prior",22,3,9,12
464,162075,"prior",8,6,12,3
383,162083,"prior",39,6,11,10
133,162224,"prior",50,2,9,2
838,162374,"prior",3,6,14,26
165,162754,"prior",4,2,11,12
528,162968,"prior",16,5,13,1
341,163059,"prior",6,1,10,19
375,163102,"prior",43,4,17,1
674,163819,"prior",48,1,11,8
619,164110,"prior",40,1,16,17
407,164176,"prior",7,3,17,30
818,164319,"prior",6,3,14,29
335,164484,"prior",7,5,12,5
419,164717,"prior",6,3,16,4
765,164956,"prior",1,0,14,NA
520,165200,"prior",13,3,8,0
912,165294,"prior",89,4,14,1
821,165347,"prior",5,6,9,30
770,165709,"prior",11,4,0,2
676,165814,"prior",18,0,17,7
607,166458,"prior",4,0,15,30
86,166645,"prior",9,6,22,4
390,166654,"prior",48,0,12,9
306,166655,"prior",33,2,14,10
843,166894,"prior",9,5,15,6
525,167046,"prior",5,2,12,15
242,167125,"prior",11,4,13,7
451,167271,"prior",24,2,16,9
186,167393,"prior",1,0,16,NA
638,167982,"prior",45,6,14,6
293,168853,"prior",2,4,9,4
244,168855,"prior",37,6,18,9
312,169114,"prior",21,4,19,4
620,169324,"prior",6,5,13,19
129,169467,"prior",7,4,18,3
223,169586,"prior",40,0,9,2
987,170433,"prior",1,4,9,NA
805,170539,"prior",40,0,8,7
974,170580,"prior",4,1,14,22
685,170906,"prior",2,1,7,10
523,171041,"prior",8,5,15,2
273,171199,"prior",9,0,14,11
911,172302,"prior",3,2,12,4
405,172653,"prior",27,6,13,16
48,172786,"prior",5,2,0,30
185,172793,"prior",72,3,1,2
738,173328,"prior",11,1,11,9
731,173379,"prior",15,0,19,1
677,173442,"prior",8,2,19,22
896,173624,"prior",36,1,16,3
544,173861,"prior",34,5,20,6
447,173924,"prior",36,4,14,7
314,174117,"prior",4,5,8,12
443,174206,"prior",42,1,12,3
703,174262,"prior",10,5,17,9
797,174342,"prior",2,4,8,6
782,174741,"prior",34,2,10,8
16,174840,"prior",18,3,12,13
976,174934,"prior",39,0,18,21
727,175023,"prior",7,1,17,18
869,175108,"prior",15,0,11,7
978,175330,"prior",1,5,16,NA
97,175918,"prior",13,0,13,27
308,176010,"prior",8,0,17,10
921,176010,"prior",13,1,13,18
839,176212,"prior",6,0,15,7
191,176417,"prior",44,3,2,6
388,176698,"prior",17,0,13,8
934,176946,"prior",13,0,21,30
196,177113,"prior",6,0,16,24
659,177324,"prior",15,5,10,7
449,177340,"prior",7,3,17,30
307,177808,"prior",2,4,11,10
221,177947,"prior",1,5,8,NA
372,178268,"prior",3,5,16,3
4,178520,"prior",36,1,9,7
891,178864,"prior",8,2,15,10
105,178958,"prior",27,4,10,30
144,179300,"prior",4,3,15,30
578,179433,"prior",3,6,12,14
317,179469,"prior",4,0,18,30
535,179526,"prior",28,5,9,2
881,179601,"prior",17,4,16,5
807,179752,"prior",32,3,8,12
971,179837,"prior",9,4,10,6
820,179845,"prior",49,2,12,13
984,180098,"prior",71,4,21,1
537,180135,"prior",15,2,8,3
553,180141,"prior",17,1,10,7
400,180454,"prior",32,0,8,8
795,180838,"prior",14,5,16,7
411,181193,"prior",22,4,14,4
147,181484,"prior",16,0,12,20
268,181567,"prior",1,5,18,NA
651,181671,"prior",4,5,6,7
160,181765,"prior",9,4,23,5
943,182179,"prior",19,5,18,6
278,182817,"prior",3,6,14,30
20,182912,"prior",1,6,17,NA
833,183333,"prior",3,6,15,4
962,183334,"prior",8,1,8,6
240,183623,"prior",64,3,10,3
44,183833,"prior",3,6,17,1
342,183968,"prior",24,2,17,7
211,183969,"prior",1,2,14,NA
164,184017,"prior",20,1,10,8
108,184205,"prior",4,1,20,1
365,184277,"prior",9,2,6,16
136,184355,"prior",12,6,10,6
258,184598,"prior",10,1,9,30
857,184695,"prior",9,1,13,14
39,184886,"prior",8,5,18,30
893,185084,"prior",20,2,17,16
982,185136,"prior",13,1,20,29
430,185289,"prior",30,5,9,8
279,185432,"prior",13,0,12,21
201,185440,"prior",4,0,15,6
700,185577,"prior",30,1,12,7
442,185583,"prior",39,2,20,13
661,185594,"prior",13,1,7,30
219,185730,"prior",12,0,13,4
358,186138,"prior",5,5,13,16
491,186155,"prior",4,3,12,13
541,186224,"prior",12,2,15,9
948,186227,"prior",52,1,13,7
567,186231,"prior",2,2,16,27
369,186407,"prior",1,2,19,NA
81,186444,"prior",15,4,14,9
395,186576,"prior",4,3,16,7
359,186816,"prior",14,2,22,9
295,186873,"prior",12,2,10,11
855,187038,"prior",5,2,14,3
530,187261,"prior",6,2,10,5
484,187599,"prior",16,3,14,30
95,187742,"prior",39,5,7,5
950,187854,"prior",16,1,11,16
866,188071,"prior",11,3,11,10
906,188977,"prior",14,6,9,16
539,189144,"prior",13,1,11,14
190,189157,"prior",3,1,13,30
873,189247,"prior",7,0,10,6
617,189312,"prior",3,1,12,20
62,189943,"prior",4,0,11,7
192,189954,"prior",44,5,14,8
749,190318,"prior",2,1,14,24
316,190581,"prior",6,1,11,30
80,190599,"prior",16,3,13,7
634,190667,"prior",21,0,16,5
205,190709,"prior",14,4,14,6
730,190797,"prior",42,3,9,2
475,190994,"prior",3,0,0,6
983,191170,"prior",8,6,8,24
151,191401,"prior",15,6,7,7
47,191597,"prior",6,5,0,15
895,191894,"prior",1,6,9,NA
840,191973,"prior",10,5,9,1
482,192144,"prior",17,5,11,11
995,192550,"prior",7,1,10,7
862,192657,"prior",2,6,17,16
507,192963,"prior",4,3,9,15
624,193012,"prior",11,1,14,3
417,193125,"prior",3,6,1,17
582,193223,"prior",6,2,19,10
329,193602,"prior",7,6,15,6
24,193635,"prior",19,0,14,0
657,193653,"prior",11,2,10,5
368,193730,"prior",20,2,18,1
712,194230,"prior",1,4,16,NA
30,194309,"prior",2,3,0,18
639,194758,"prior",5,1,12,4
424,194925,"prior",10,2,13,27
701,195186,"prior",28,2,6,5
612,196148,"prior",17,1,14,4
610,196148,"prior",25,0,15,12
404,196585,"prior",10,5,8,7
670,196898,"prior",1,5,13,NA
828,197029,"prior",18,1,16,6
340,197300,"prior",10,6,9,16
611,197381,"prior",66,5,11,5
138,197422,"prior",20,0,16,7
493,197703,"prior",21,5,19,2
79,197745,"prior",94,6,15,3
692,198151,"prior",12,0,19,7
162,198222,"prior",8,1,9,5
303,198240,"prior",30,3,21,5
871,198454,"prior",2,0,13,27
678,198488,"prior",9,1,12,5
590,198502,"prior",31,4,18,7
397,198708,"prior",30,1,18,3
432,198921,"prior",5,3,10,5
72,199522,"prior",11,1,19,25
562,199989,"prior",41,3,10,9
673,200062,"prior",49,0,8,11
413,200178,"prior",4,0,16,10
724,200297,"prior",13,2,9,5
330,200502,"prior",26,4,16,4
281,200563,"prior",14,2,16,15
947,200800,"prior",26,2,13,8
675,200898,"prior",37,6,15,5
569,201085,"prior",9,2,19,7
270,201517,"prior",1,3,10,NA
656,201665,"prior",1,3,14,NA
435,201679,"prior",11,2,20,10
31,201744,"prior",7,6,15,14
444,201770,"prior",2,5,13,20
503,201861,"prior",20,3,15,9
476,201923,"prior",2,5,10,5
2,202279,"prior",3,5,9,8
402,202359,"prior",20,5,14,14
35,202527,"prior",1,1,13,NA
575,202833,"prior",92,4,9,2
510,203673,"prior",42,0,10,5
521,203870,"prior",25,2,9,3
171,204184,"prior",2,5,12,30
363,204484,"prior",20,5,10,7
628,204912,"prior",24,4,7,4
684,205709,"prior",36,0,8,7
3,205970,"prior",16,5,17,12
