customerId,productId,amount,rating,daysAgo
C0140,P0049,15.98,1,28
C0387,P0001,53.22,3,350
C0309,P0086,13.28,3,184
C0460,P0119,29.21,5,179
C0489,P0055,7.32,4,278
C0022,P0039,10.95,4,70
C0217,P0040,35.16,3,12
C0267,P0012,8.65,5,99
C0072,P0024,20.89,5,76
C0168,P0054,16.19,5,291
C0493,P0046,9.88,2,298
C0009,P0058,25.32,2,231
C0221,P0097,106.68,1,332
C0413,P0022,34.42,5,170
C0161,P0004,30.79,4,88
C0233,P0005,35.36,5,121
C0488,P0013,8.46,4,52
C0231,P0061,19.58,3,328
C0065,P0091,29.79,1,220
C0027,P0103,15.67,1,282
C0471,P0068,88.19,4,103
C0130,P0042,18.04,2,262
C0247,P0015,39.95,2,121
C0046,P0042,15.79,5,163
C0207,P0032,42.69,3,238
C0461,P0100,18.54,5,358
C0245,P0053,28.75,3,204
C0485,P0022,40.23,5,259
C0127,P0024,16.81,1,217
C0247,P0013,8.74,2,155
C0422,P0106,48.34,1,340
C0220,P0006,48.64,1,350
C0137,P0001,50.22,5,113
C0420,P0017,46.46,3,327
C0191,P0091,25.06,2,165
C0259,P0055,8.28,2,270
C0487,P0068,80.44,2,189
C0094,P0035,20.78,1,280
C0148,P0009,18.06,5,318
C0017,P0099,57.3,1,155
C0192,P0017,42.82,2,256
C0100,P0004,25.64,1,185
C0332,P0061,18.03,5,291
C0090,P0011,23.94,2,70
C0329,P0012,9.25,2,266
C0129,P0091,30.4,4,217
C0177,P0053,31.42,3,165
C0175,P0024,20.16,2,135
C0353,P0035,20.69,3,256
C0226,P0081,252.19,3,127
C0180,P0009,17.8,2,12
C0419,P0012,7.79,3,346
C0280,P0068,70.78,2,164
C0107,P0066,49.77,5,60
C0444,P0115,10.22,3,83
C0172,P0037,8.08,4,303
C0021,P0009,14.59,2,121
C0241,P0057,18.33,4,103
C0062,P0068,70.54,3,178
C0118,P0013,9.11,4,11
C0366,P0060,100.95,3,204
C0065,P0017,46.09,4,15
C0398,P0096,26.58,1,305
C0465,P0095,18.16,4,157
C0296,P0046,12.15,4,80
C0350,P0113,32.78,3,166
C0352,P0116,8.37,1,64
C0495,P0012,10.03,3,117
C0171,P0036,7.05,4,48
C0080,P0064,28.02,3,244
C0254,P0011,20.25,1,356
C0260,P0038,8.0,2,177
C0088,P0024,17.39,5,36
C0299,P0110,23.98,2,27
C0008,P0043,59.18,3,303
C0459,P0085,29.81,2,127
C0129,P0039,12.52,4,108
C0021,P0013,10.04,3,38
C0055,P0099,53.05,2,242
C0119,P0000,11.58,3,23
C0134,P0007,40.36,3,330
C0018,P0035,21.12,3,76
C0137,P0075,18.02,2,26
C0097,P0034,15.53,1,256
C0186,P0009,15.24,4,129
C0189,P0028,15.85,2,254
C0169,P0024,15.66,4,15
C0163,P0000,13.93,2,314
C0046,P0056,23.06,5,113
C0014,P0012,8.53,4,276
C0102,P0024,20.44,3,341
C0371,P0068,69.76,2,195
C0495,P0081,251.18,4,122
C0459,P0024,20.25,1,114
C0247,P0031,35.67,1,250
C0260,P0024,16.76,1,3
C0155,P0111,25.43,2,54
C0379,P0017,44.94,3,236
C0374,P0017,40.86,2,10
C0415,P0048,9.91,1,106
C0441,P0017,36.33,2,236
C0212,P0015,40.09,3,92
C0375,P0012,8.37,2,339
C0397,P0068,70.5,3,355
C0151,P0067,32.82,2,13
C0460,P0069,10.68,5,64
C0047,P0085,25.91,5,331
C0496,P0030,31.24,4,12
C0377,P0106,46.79,3,178
C0047,P0082,35.98,1,346
C0320,P0091,27.62,4,215
C0019,P0080,135.64,2,112
C0377,P0035,19.87,2,3
C0394,P0024,17.47,4,144
C0294,P0045,42.29,1,198
C0421,P0012,8.42,2,30
C0050,P0048,11.43,4,193
C0135,P0005,42.63,5,148
C0202,P0000,11.6,3,119
C0022,P0108,55.48,3,354
C0220,P0075,18.36,5,326
C0130,P0061,20.63,1,253
C0192,P0033,21.82,3,216
C0207,P0061,20.5,2,173
C0433,P0104,118.81,3,26
C0133,P0070,16.71,5,112
C0440,P0065,81.64,3,4
C0207,P0050,52.76,5,134
C0163,P0034,19.55,3,173
C0245,P0077,9.74,5,223
C0204,P0117,28.19,1,130
C0127,P0045,41.84,2,93
C0245,P0040,37.71,2,259
C0074,P0046,10.54,4,56
C0176,P0045,40.54,3,46
C0277,P0118,91.63,2,254
C0202,P0079,42.05,1,214
C0404,P0035,24.62,2,317
C0126,P0036,5.92,1,269
C0484,P0046,12.18,4,329
C0386,P0005,43.6,5,242
C0483,P0055,7.96,5,307
C0410,P0091,25.42,2,62
C0070,P0070,12.72,3,194
C0257,P0017,36.8,3,344
C0084,P0081,221.28,3,288
C0402,P0080,124.09,3,147
C0285,P0024,17.51,2,338
C0129,P0068,72.99,1,114
C0460,P0067,29.89,3,9
C0059,P0095,18.87,1,290
C0276,P0013,8.78,1,151
C0355,P0017,40.12,3,13
C0031,P0053,29.42,5,75
C0292,P0005,33.33,3,27
C0401,P0044,20.78,1,363
C0035,P0088,13.22,5,309
C0252,P0014,12.4,4,339
C0127,P0050,49.91,2,67
C0325,P0118,94.82,2,292
C0060,P0054,15.94,5,206
C0465,P0054,16.48,3,108
C0441,P0061,19.78,1,244
C0093,P0017,42.48,2,347
C0161,P0013,10.51,2,168
C0288,P0074,41.62,3,11
C0354,P0040,33.9,2,307
C0215,P0024,16.73,3,69
C0077,P0004,25.91,2,67
C0053,P0096,22.5,4,225
C0499,P0004,23.83,3,291
C0222,P0083,10.84,5,289
C0428,P0038,7.25,5,316
C0234,P0064,29.82,2,322
C0456,P0024,19.47,1,47
C0044,P0015,37.2,3,110
C0058,P0056,27.5,2,263
C0460,P0076,6.43,5,143
C0473,P0017,36.99,3,261
C0155,P0047,22.05,2,166
C0177,P0048,12.51,2,165
C0221,P0021,20.4,5,10
C0203,P0061,21.25,1,222
C0096,P0013,10.53,5,315
C0444,P0055,8.26,2,298
C0125,P0012,9.44,5,124
C0348,P0053,31.79,3,247
C0035,P0027,31.59,3,73
C0020,P0048,9.97,2,231
C0319,P0047,19.94,4,149
C0169,P0106,48.38,4,338
C0320,P0053,32.01,3,259
C0047,P0093,10.18,3,27
C0474,P0022,32.97,3,318
C0367,P0035,24.96,3,264
C0430,P0010,45.07,5,79
C0067,P0045,48.52,1,103
C0160,P0072,16.22,2,63
C0182,P0095,15.93,5,113
C0262,P0061,19.66,4,344
C0146,P0068,74.33,2,329
C0032,P0017,36.27,3,201
C0182,P0005,36.1,1,132
C0125,P0088,14.3,1,134
C0189,P0017,40.24,5,349
C0098,P0012,9.6,4,73
C0128,P0108,44.67,1,276
C0306,P0113,33.88,4,363
C0190,P0068,68.12,3,312
C0173,P0037,8.71,3,262
C0260,P0095,18.08,5,328
C0377,P0018,19.95,5,80
C0186,P0046,13.05,1,359
C0288,P0035,21.75,2,34
C0482,P0106,50.74,2,6
C0255,P0106,45.2,5,73
C0450,P0070,16.42,4,222
C0391,P0012,8.6,4,91
C0210,P0024,20.63,5,41
C0344,P0103,15.12,3,254
C0492,P0013,11.3,2,84
C0224,P0007,40.26,3,191
C0047,P0078,29.1,3,43
C0275,P0049,17.58,2,354
C0063,P0095,16.25,5,138
C0368,P0010,48.34,5,221
C0248,P0091,26.08,1,177
C0356,P0005,42.63,5,217
C0427,P0004,25.62,3,166
C0308,P0050,50.88,4,27
C0299,P0022,39.08,4,302
C0369,P0063,29.2,3,234
C0413,P0004,26.72,4,93
C0427,P0005,35.54,4,31
C0020,P0081,224.73,5,323
C0272,P0019,29.89,3,122
C0108,P0070,14.57,4,331
C0422,P0083,9.61,5,279
C0316,P0008,21.25,5,350
C0205,P0085,31.95,1,241
C0095,P0024,20.24,3,66
C0169,P0039,10.85,3,13
C0348,P0012,10.05,4,90
C0104,P0095,15.13,4,160
C0047,P0061,18.35,5,228
C0438,P0054,17.04,3,327
C0374,P0114,19.05,4,52
C0100,P0032,41.77,5,232
C0143,P0104,119.54,1,32
C0486,P0080,114.11,4,176
C0349,P0107,12.82,2,27
C0298,P0106,52.96,5,137
C0151,P0118,82.8,3,221
C0148,P0013,8.61,4,269
C0021,P0089,23.01,4,293
C0357,P0091,29.82,2,191
C0022,P0069,9.26,3,95
C0003,P0024,18.81,4,333
C0358,P0113,40.17,4,340
C0474,P0018,16.1,2,353
C0371,P0054,15.58,5,289
C0229,P0055,7.97,1,284
C0237,P0016,27.89,2,29
C0212,P0081,280.37,5,209
C0161,P0012,9.12,4,149
C0255,P0076,7.58,3,95
C0210,P0097,89.51,3,25
C0293,P0035,24.42,5,78
C0444,P0079,42.68,2,334
C0496,P0015,31.33,2,331
C0040,P0096,23.42,3,271
C0189,P0110,22.11,5,37
C0090,P0014,13.52,3,250
C0176,P0076,8.04,4,47
C0141,P0054,16.84,5,249
C0087,P0055,7.35,5,13
C0374,P0079,48.1,3,104
C0242,P0053,33.89,3,45
C0454,P0064,28.53,1,340
C0018,P0023,15.78,1,208
C0035,P0037,7.77,3,336
C0198,P0099,49.39,4,8
C0041,P0012,9.05,5,270
C0129,P0064,26.78,3,175
C0492,P0017,36.27,3,171
C0105,P0097,92.92,5,318
C0099,P0062,9.82,2,18
C0281,P0042,17.43,1,344
C0243,P0024,20.49,5,11
C0284,P0047,20.11,3,133
C0185,P0112,16.03,1,51
C0406,P0055,7.84,2,191
C0068,P0051,5.25,2,217
C0209,P0083,10.08,2,234
C0338,P0038,9.62,3,291
C0426,P0046,11.98,5,274
C0183,P0033,25.59,4,346
C0278,P0014,11.09,5,164
C0036,P0079,51.09,5,64
C0084,P0101,10.29,2,57
C0036,P0105,14.54,1,101
C0357,P0101,8.14,1,220
C0141,P0048,13.03,4,20
C0356,P0024,17.75,2,348
C0035,P0068,87.11,4,361
C0423,P0111,24.07,3,60
C0409,P0081,257.32,5,285
C0045,P0054,14.61,3,218
C0013,P0075,22.56,5,175
C0030,P0085,28.24,2,268
C0419,P0106,47.87,4,210
C0117,P0085,30.94,3,118
C0268,P0047,22.32,1,205
C0208,P0024,18.19,2,50
C0393,P0054,16.07,2,93
C0239,P0031,34.92,1,355
C0243,P0108,54.16,5,68
C0494,P0055,8.11,2,218
C0073,P0051,6.55,3,109
C0407,P0035,25.25,3,170
C0027,P0068,80.06,3,90
C0233,P0055,7.0,4,208
C0437,P0012,9.32,5,203
C0325,P0100,14.36,5,225
C0335,P0035,21.08,5,113
C0129,P0047,22.63,3,211
C0204,P0019,27.31,4,266
C0182,P0060,88.31,1,263
C0255,P0078,36.14,5,207
C0225,P0102,10.44,1,109
C0162,P0006,37.09,1,194
C0150,P0115,8.13,5,196
C0123,P0078,29.11,4,347
C0181,P0024,19.59,1,138
C0073,P0018,18.87,5,118
C0428,P0024,18.71,1,273
C0294,P0101,8.81,1,232
C0066,P0024,18.47,5,156
C0341,P0050,41.06,2,1
C0417,P0079,50.59,2,257
C0118,P0101,9.84,4,269
C0074,P0070,12.6,4,339
C0004,P0084,4.88,3,183
C0024,P0017,45.99,5,188
C0373,P0101,8.96,1,76
C0492,P0024,19.1,5,168
C0023,P0012,9.11,2,1
C0367,P0116,7.88,4,183
C0037,P0018,15.83,2,258
C0290,P0013,10.45,2,287
C0370,P0068,89.38,2,242
C0179,P0029,25.35,3,294
C0005,P0013,10.11,5,243
C0291,P0065,75.97,1,284
C0495,P0084,4.38,4,160
C0127,P0089,18.99,5,220
C0095,P0015,35.39,4,233
C0062,P0061,22.69,5,209
C0271,P0092,23.59,1,208
C0292,P0016,31.01,2,285
C0391,P0019,24.95,3,87
C0369,P0000,12.29,3,116
C0440,P0055,7.91,2,189
C0397,P0017,38.91,2,235
C0122,P0081,229.78,5,188
C0272,P0113,38.02,2,73
C0147,P0019,29.29,5,300
C0164,P0069,9.9,1,199
C0462,P0020,37.64,3,158
C0333,P0002,6.39,4,320
C0486,P0084,3.82,5,159
C0203,P0047,18.5,4,59
C0262,P0109,33.56,1,359
C0238,P0056,24.51,4,140
C0054,P0015,41.62,2,326
C0118,P0048,11.37,5,189
C0257,P0018,15.25,4,89
C0035,P0101,8.13,1,138
C0462,P0076,8.07,2,332
C0062,P0033,20.44,5,344
C0099,P0055,6.99,5,51
C0375,P0072,17.55,4,360
C0049,P0087,16.35,2,311
C0445,P0011,21.79,2,236
C0356,P0003,18.69,4,67
C0035,P0012,7.81,3,214
C0339,P0040,36.67,2,155
C0309,P0050,46.98,2,46
C0371,P0013,10.24,1,359
C0406,P0043,59.05,3,220
C0354,P0047,21.6,3,36
C0287,P0012,8.26,3,125
C0161,P0106,47.9,5,306
C0344,P0064,27.47,4,161
C0477,P0039,12.7,3,181
C0288,P0055,7.09,2,52
C0325,P0028,18.94,4,41
C0212,P0098,30.64,5,356
C0370,P0061,19.78,1,347
C0498,P0054,14.35,2,35
C0079,P0106,46.27,1,200
C0102,P0095,19.07,2,248
C0263,P0092,22.38,1,321
C0234,P0022,35.82,3,204
C0280,P0014,10.12,5,317
C0026,P0076,8.35,5,45
C0198,P0051,5.39,2,6
C0285,P0075,17.75,4,170
C0286,P0085,28.34,2,97
C0321,P0024,18.22,2,275
C0355,P0024,20.53,4,123
C0313,P0053,32.25,4,149
C0389,P0024,16.69,3,195
C0305,P0071,11.24,1,350
C0262,P0083,12.05,3,27
C0296,P0051,6.21,2,202
C0052,P0081,227.77,1,142
C0133,P0055,7.47,1,14
C0257,P0079,49.78,3,297
C0428,P0022,40.37,1,333
C0332,P0083,11.66,4,64
C0046,P0079,41.01,1,277
C0290,P0024,19.48,2,256
C0111,P0061,18.75,5,257
C0360,P0098,30.19,4,168
C0406,P0024,17.71,3,117
C0290,P0083,10.12,1,26
C0289,P0111,23.52,1,13
C0169,P0100,15.24,5,65
C0218,P0042,16.69,4,193
C0424,P0066,48.9,5,52
C0356,P0119,30.12,5,250
C0254,P0061,22.3,1,226
C0182,P0012,8.57,5,126
C0027,P0005,34.11,3,32
C0070,P0088,14.96,4,189
C0097,P0045,43.38,3,300
C0184,P0024,16.68,4,144
C0470,P0034,19.57,5,294
C0247,P0084,5.09,5,105
C0117,P0050,41.59,3,30
C0054,P0100,17.91,2,237
C0169,P0082,35.67,4,324
C0401,P0115,8.54,3,322
C0189,P0103,14.29,2,350
C0378,P0024,16.31,4,40
C0396,P0070,12.81,1,16
C0056,P0003,21.55,3,208
C0297,P0118,90.32,4,346
C0479,P0024,16.99,5,364
C0197,P0071,11.51,4,102
C0027,P0097,114.55,5,137
C0456,P0016,26.98,5,242
C0436,P0097,113.04,2,333
C0255,P0001,59.12,5,64
C0270,P0047,19.84,2,356
C0106,P0051,6.52,4,298
C0402,P0037,8.08,2,25
C0243,P0062,11.7,3,307
C0019,P0106,46.05,4,234
C0333,P0031,30.36,5,357
C0475,P0062,9.75,5,77
C0406,P0101,9.84,5,362
C0136,P0085,32.9,3,18
C0028,P0005,42.22,5,28
C0468,P0108,52.99,1,163
C0465,P0005,34.33,5,240
C0260,P0063,24.22,2,61
C0314,P0061,21.97,3,100
C0225,P0087,17.86,5,142
C0205,P0014,12.76,4,46
C0060,P0017,38.31,5,65
C0049,P0084,4.34,4,55
C0116,P0014,13.24,4,348
C0410,P0051,5.55,1,341
C0071,P0082,29.68,5,229
C0113,P0070,15.39,4,249
C0268,P0019,28.64,4,50
C0108,P0025,20.53,3,19
C0081,P0114,19.13,5,138
C0276,P0048,12.33,3,359
C0306,P0021,19.04,1,295
C0451,P0034,19.57,4,135
C0074,P0119,27.33,4,113
C0451,P0025,20.59,2,296
C0446,P0004,29.22,4,172
C0309,P0011,21.11,3,265
C0303,P0024,19.43,5,265
C0313,P0119,24.24,1,247
C0338,P0078,30.06,3,295
C0009,P0006,46.16,3,169
C0478,P0048,10.29,2,111
C0286,P0017,40.68,1,187
C0383,P0012,9.34,3,119
C0186,P0062,11.71,2,16
C0007,P0054,15.33,2,132
C0250,P0083,12.64,2,183
C0248,P0104,151.84,3,190
C0212,P0024,18.2,5,124
C0170,P0106,43.09,3,265
C0123,P0055,8.34,3,104
C0257,P0024,16.94,2,236
C0185,P0096,25.92,3,99
C0484,P0005,40.24,2,360
C0086,P0061,19.62,5,237
C0159,P0081,256.69,3,203
C0144,P0024,18.53,3,157
C0265,P0099,60.71,1,276
C0315,P0095,18.77,3,293
C0474,P0010,41.88,1,58
C0140,P0016,29.71,1,299
C0340,P0038,9.59,2,351
C0014,P0098,26.36,4,89
C0129,P0013,8.64,1,82
C0225,P0101,10.38,1,348
C0016,P0023,15.94,3,148
C0302,P0048,10.91,3,254
C0331,P0035,23.15,5,70
C0366,P0012,9.66,4,156
C0253,P0108,46.91,4,256
C0295,P0047,21.62,2,326
C0194,P0076,7.4,4,159
C0021,P0061,18.28,3,28
C0051,P0054,16.77,2,151
C0319,P0068,74.93,2,235
C0497,P0105,14.38,5,319
C0009,P0077,11.12,3,304
C0273,P0056,26.1,3,277
C0368,P0069,9.26,4,61
C0406,P0066,46.42,2,190
C0266,P0047,22.8,2,210
C0303,P0068,83.3,5,171
C0343,P0047,22.52,5,336
C0422,P0084,4.35,3,350
C0061,P0114,15.83,5,77
C0458,P0112,12.73,2,349
C0015,P0093,11.6,4,309
C0409,P0065,70.92,1,257
C0040,P0083,11.15,4,139
C0097,P0017,42.23,1,277
C0002,P0053,29.06,2,214
C0217,P0024,19.36,5,328
C0167,P0000,12.67,2,259
C0082,P0113,40.01,3,352
C0221,P0099,48.02,5,153
C0197,P0055,7.88,5,30
C0376,P0024,15.95,3,180
C0440,P0076,8.26,1,364
C0318,P0047,21.54,2,239
C0062,P0091,27.22,4,256
C0145,P0119,30.41,2,228
C0451,P0035,22.71,4,216
C0045,P0024,16.85,5,23
C0199,P0024,18.2,4,151
C0469,P0012,7.7,4,32
C0475,P0040,37.81,3,123
C0201,P0002,6.82,1,263
C0326,P0012,9.53,3,293
C0223,P0024,20.41,5,82
C0369,P0016,29.89,4,239
C0017,P0082,33.48,4,83
C0071,P0012,7.83,5,74
C0300,P0099,51.8,2,350
C0116,P0021,21.64,2,223
C0176,P0001,57.51,3,52
C0437,P0079,43.72,4,19
C0402,P0024,16.67,4,181
C0240,P0055,8.59,1,37
C0378,P0012,7.89,2,213
C0133,P0117,28.87,2,158
C0241,P0012,8.52,1,232
C0099,P0043,65.25,4,76
C0422,P0098,28.68,5,53
C0404,P0024,20.88,5,37
C0446,P0024,19.88,1,35
C0431,P0091,27.7,3,27
C0113,P0000,13.77,1,292
C0462,P0046,11.89,4,221
C0280,P0001,53.18,5,92
C0206,P0106,50.61,1,340
C0274,P0068,72.85,4,278
C0172,P0062,9.4,1,284
C0142,P0018,19.29,5,328
C0120,P0077,11.24,1,272
C0042,P0074,36.68,3,349
C0242,P0008,17.44,1,121
C0437,P0101,10.91,3,312
C0308,P0062,11.26,3,41
C0255,P0089,22.82,3,110
C0209,P0024,15.99,5,325
C0226,P0012,10.08,5,49
C0105,P0078,35.25,2,183
C0404,P0089,22.23,5,124
C0099,P0038,8.03,3,37
C0353,P0003,19.89,1,86
C0372,P0093,11.78,4,195
C0282,P0019,30.24,4,230
C0423,P0033,25.91,2,246
C0142,P0068,82.34,3,48
C0434,P0012,8.37,3,117
C0358,P0010,48.7,1,38
C0394,P0004,30.59,2,4
C0325,P0106,44.6,3,143
C0416,P0027,33.3,2,227
C0495,P0070,15.7,5,135
C0205,P0118,85.32,2,15
C0400,P0072,19.67,4,81
C0365,P0055,6.89,1,158
C0222,P0055,7.33,2,130
C0458,P0037,7.17,5,301
C0193,P0064,30.99,5,218
C0277,P0112,15.66,5,364
C0054,P0088,14.83,1,64
C0112,P0045,43.97,5,135
C0413,P0032,37.17,2,32
C0194,P0102,12.03,1,8
C0193,P0013,11.37,1,337
C0122,P0097,109.33,4,180
C0240,P0024,16.83,3,241
C0397,P0079,49.74,3,101
C0441,P0091,26.11,5,19
C0036,P0052,29.83,1,325
C0282,P0017,38.53,1,240
C0227,P0096,20.7,5,259
C0300,P0036,5.78,4,195
C0219,P0029,26.98,4,148
C0196,P0055,7.23,3,154
C0229,P0047,22.41,1,278
C0244,P0013,10.13,5,125
C0401,P0104,144.76,1,190
C0366,P0005,34.47,2,353
C0171,P0049,18.3,3,336
C0395,P0070,14.7,4,199
C0419,P0103,15.09,1,73
C0076,P0063,30.99,5,343
C0285,P0093,11.83,1,114
C0140,P0022,37.45,2,130
C0363,P0035,23.23,5,323
C0119,P0108,56.77,2,96
C0328,P0103,15.27,3,169
C0126,P0061,20.14,3,334
C0251,P0052,39.79,2,116
C0474,P0048,12.76,3,228
C0187,P0008,18.62,4,14
C0430,P0104,117.26,1,363
C0492,P0093,9.82,5,153
C0429,P0049,20.25,1,244
C0082,P0024,16.21,5,183
C0402,P0034,17.33,5,158
C0018,P0012,9.12,5,148
C0193,P0081,281.07,4,7
C0427,P0061,22.37,5,101
C0337,P0024,19.8,5,139
C0260,P0068,76.9,4,135
C0190,P0116,7.88,5,100
C0400,P0012,9.29,2,234
C0350,P0050,43.46,5,302
C0227,P0054,15.53,5,325
C0440,P0017,48.77,4,354
C0114,P0055,7.83,1,237
C0084,P0065,75.95,2,150
C0314,P0015,38.47,1,236
C0486,P0015,40.14,3,49
C0122,P0099,52.8,3,298
C0123,P0027,36.19,5,195
C0068,P0068,71.4,2,61
C0422,P0068,81.81,1,156
C0113,P0095,15.61,4,110
C0246,P0083,11.15,1,128
C0495,P0095,17.96,5,19
C0006,P0068,67.64,1,6
C0272,P0048,11.69,3,128
C0252,P0040,30.47,5,110
C0398,P0038,7.96,3,364
C0177,P0044,15.87,5,96
C0201,P0012,7.96,3,120
C0083,P0045,50.72,4,334
C0363,P0039,12.7,4,313
C0386,P0004,29.78,3,21
C0067,P0024,18.97,1,32
C0193,P0084,4.83,5,35
C0440,P0062,12.11,1,168
C0002,P0091,27.98,2,209
C0147,P0058,25.43,4,128
C0271,P0098,28.94,4,5
C0167,P0089,25.11,3,74
C0133,P0012,8.2,3,224
C0224,P0116,8.73,3,136
C0090,P0002,6.11,5,45
C0259,P0064,28.29,2,238
C0349,P0089,23.38,5,224
C0282,P0032,40.26,1,179
C0047,P0064,33.12,4,343
C0415,P0035,25.02,4,308
C0087,P0008,15.93,4,15
C0374,P0001,58.32,3,330
C0179,P0012,9.56,4,19
C0384,P0012,8.88,3,176
C0104,P0067,32.61,3,329
C0094,P0055,8.49,5,358
C0242,P0049,18.28,4,9
C0018,P0076,6.79,4,27
C0112,P0002,6.02,5,88
C0410,P0086,13.5,3,102
C0041,P0106,43.36,4,152
C0435,P0047,21.71,4,117
C0393,P0011,20.84,1,213
C0427,P0090,63.43,4,311
C0329,P0043,78.31,3,121
C0318,P0005,35.51,2,226
C0454,P0063,29.9,1,327
C0051,P0106,43.87,4,345
C0156,P0074,44.74,2,102
C0037,P0028,17.54,5,335
C0217,P0094,5.95,2,47
C0329,P0052,34.0,4,204
C0413,P0093,11.68,2,56
C0495,P0040,36.78,5,179
C0080,P0035,19.8,2,17
C0394,P0062,10.18,5,109
C0437,P0050,46.94,4,215
C0026,P0116,9.06,2,111
C0369,P0055,6.9,5,4
C0177,P0038,8.1,4,142
C0316,P0040,37.69,4,197
C0252,P0059,24.79,2,278
C0128,P0035,24.71,2,50
C0066,P0081,251.27,4,174
C0059,P0038,8.43,1,73
C0052,P0038,8.83,2,56
C0312,P0068,73.38,1,45
C0176,P0008,17.17,1,277
C0339,P0054,16.94,1,242
C0335,P0048,12.29,5,138
C0263,P0080,108.0,4,346
C0464,P0084,3.83,5,181
C0189,P0096,21.21,1,193
C0409,P0037,8.72,5,231
C0039,P0031,38.4,3,239
C0363,P0079,48.3,4,180
C0493,P0062,12.34,5,175
C0416,P0068,70.7,2,116
C0284,P0061,20.62,4,248
C0306,P0085,27.5,4,245
C0177,P0017,40.14,3,159
C0377,P0015,40.55,2,51
C0499,P0043,61.08,1,152
C0240,P0071,10.81,5,360
C0032,P0053,30.51,4,268
C0292,P0038,7.4,3,263
C0060,P0103,13.94,4,315
C0121,P0085,31.16,3,222
C0163,P0055,7.23,2,242
C0359,P0110,20.3,5,176
C0092,P0045,40.66,5,301
C0082,P0088,16.99,2,259
C0023,P0017,41.2,5,191
C0341,P0033,21.32,4,294
C0021,P0012,9.38,1,119
C0016,P0054,13.43,3,131
C0274,P0017,37.14,1,46
C0138,P0068,84.89,5,80
C0292,P0017,45.52,2,46
C0212,P0012,8.22,2,36
C0456,P0114,16.31,4,8
C0141,P0070,16.73,5,108
C0332,P0108,45.55,2,276
C0028,P0053,26.85,4,315
C0477,P0004,27.35,4,83
C0489,P0061,18.94,3,155
C0363,P0061,21.17,5,303
C0226,P0002,6.74,1,258
C0110,P0099,54.28,5,330
C0400,P0068,81.73,3,154
C0361,P0083,10.9,1,62
C0111,P0054,16.44,5,53
C0221,P0068,68.23,4,259
C0225,P0024,17.32,5,10
C0405,P0115,9.71,1,168
C0334,P0041,11.28,4,129
C0314,P0016,24.01,4,335
C0317,P0007,44.13,5,364
C0133,P0068,84.11,2,177
C0184,P0117,24.97,5,212
C0024,P0104,143.73,4,138
C0387,P0078,34.14,2,283
C0211,P0118,90.29,2,108
C0213,P0081,233.05,5,271
C0122,P0033,24.75,4,329
C0105,P0065,66.54,1,63
C0288,P0011,23.61,1,83
C0116,P0022,37.54,5,138
C0033,P0044,15.99,1,302
C0376,P0018,18.99,2,234
C0185,P0110,21.68,4,71
C0187,P0119,27.48,5,134
C0210,P0036,6.21,2,235
C0401,P0079,49.5,4,352
C0160,P0043,74.04,4,165
C0467,P0033,21.13,4,39
C0323,P0023,15.02,2,11
C0211,P0031,37.03,4,46
C0367,P0020,42.59,1,151
C0224,P0012,8.82,4,103
C0202,P0021,18.52,4,110
C0257,P0106,51.76,4,280
C0158,P0011,19.79,1,174
C0053,P0030,32.88,5,266
C0203,P0055,7.82,3,198
C0062,P0035,21.42,1,75
C0201,P0055,6.63,3,346
C0272,P0005,33.94,3,174
C0461,P0069,10.03,3,305
C0019,P0061,23.14,4,36
C0304,P0074,40.23,3,310
C0224,P0061,18.11,2,261
C0011,P0047,22.8,4,91
C0123,P0035,21.37,2,289
C0060,P0022,40.61,1,271
C0108,P0054,15.54,2,326
C0134,P0004,25.7,5,77
C0197,P0031,35.03,3,323
C0259,P0074,38.77,2,278
C0001,P0012,9.58,2,123
C0080,P0009,14.95,5,128
C0047,P0070,16.29,4,93
C0269,P0041,12.84,4,174
C0163,P0091,30.84,4,327
C0268,P0108,57.82,5,305
C0111,P0111,21.82,4,54
C0013,P0045,44.54,3,48
C0469,P0024,20.28,2,22
C0055,P0066,46.09,1,224
C0063,P0068,68.66,4,115
C0072,P0068,74.15,5,277
C0489,P0029,22.86,4,277
C0302,P0009,18.83,3,72
C0298,P0019,27.55,1,253
C0492,P0015,38.53,4,279
C0045,P0012,10.07,2,360
C0486,P0106,45.09,4,264
C0104,P0001,57.4,2,131
C0304,P0065,62.35,5,364
C0205,P0109,29.42,5,101
C0189,P0035,20.68,2,294
C0462,P0055,7.28,2,138
C0073,P0076,7.34,5,341
C0498,P0028,16.73,1,285
C0187,P0052,32.08,3,219
C0316,P0093,9.32,1,79
C0483,P0083,11.71,3,69
C0030,P0091,23.84,1,345
C0456,P0118,94.83,1,292
C0278,P0036,7.18,3,187
C0348,P0083,11.82,1,320
C0073,P0065,74.86,4,286
C0260,P0071,12.24,3,142
C0328,P0083,11.63,3,302
C0223,P0083,12.56,3,290
C0076,P0103,15.64,5,175
C0121,P0035,22.51,5,8
C0420,P0070,15.23,1,270
C0019,P0024,20.02,4,124
C0350,P0063,24.08,3,133
C0499,P0083,11.21,4,260
C0003,P0088,15.72,4,296
C0080,P0045,47.14,4,32
C0329,P0055,7.41,4,300
C0032,P0032,39.22,2,107
C0289,P0017,38.56,5,207
C0334,P0024,18.67,4,317
C0288,P0106,54.02,2,80
C0181,P0026,10.54,2,81
C0344,P0115,8.81,3,354
C0291,P0024,17.02,2,136
C0105,P0081,274.29,4,345
C0276,P0061,21.63,3,131
C0434,P0077,10.91,1,226
C0326,P0068,76.46,2,186
C0229,P0079,42.56,5,359
C0160,P0105,13.81,5,201
C0044,P0061,20.97,2,184
C0121,P0009,16.32,4,170
C0005,P0024,20.66,1,137
C0492,P0079,50.27,5,161
C0401,P0059,24.78,1,278
C0083,P0064,28.85,4,17
C0139,P0038,9.64,3,183
C0204,P0085,34.58,5,200
C0161,P0081,287.31,2,275
C0394,P0079,52.56,5,243
C0478,P0079,47.43,5,158
C0429,P0104,122.96,2,40
C0380,P0114,19.29,4,94
C0072,P0012,8.48,2,75
C0451,P0068,85.18,5,263
C0254,P0079,54.06,1,175
C0168,P0052,39.63,2,289
C0077,P0024,20.81,3,51
C0006,P0059,25.38,3,359
C0122,P0035,22.96,1,173
C0451,P0106,55.0,5,93
C0393,P0035,21.07,2,133
C0484,P0017,38.62,1,307
C0051,P0061,23.08,3,259
C0290,P0040,35.7,5,63
C0127,P0012,8.94,1,361
C0265,P0061,18.02,3,48
C0160,P0057,16.12,5,101
C0139,P0017,48.3,5,266
C0281,P0064,30.15,1,193
C0091,P0061,19.68,4,163
C0228,P0085,30.86,5,338
C0318,P0035,25.69,4,289
C0063,P0024,20.62,4,351
C0461,P0110,20.99,4,103
C0248,P0061,20.92,3,310
C0402,P0004,26.09,1,78
C0319,P0093,10.55,4,294
C0350,P0017,39.04,4,200
C0353,P0087,17.77,5,218
C0429,P0078,32.27,5,42
C0299,P0114,16.22,2,321
C0137,P0113,32.65,5,102
C0050,P0024,16.43,1,218
C0296,P0085,27.1,5,61
C0035,P0028,17.92,1,338
C0120,P0068,72.49,4,117
C0032,P0064,25.9,4,278
C0269,P0007,53.21,4,279
C0079,P0000,11.39,5,201
C0298,P0008,20.77,3,44
C0390,P0012,9.13,1,102
C0403,P0024,19.53,4,223
C0151,P0106,48.86,2,196
C0269,P0055,6.97,4,213
C0275,P0090,63.55,2,91
C0229,P0095,18.27,1,196
C0320,P0082,32.64,4,32
C0106,P0039,11.92,1,177
C0488,P0099,54.55,2,34
C0050,P0083,12.48,4,242
C0407,P0083,12.13,5,207
C0291,P0105,10.97,2,311
C0121,P0064,32.58,2,169
C0366,P0055,8.79,2,59
C0043,P0104,144.44,3,86
C0379,P0049,16.57,1,297
C0289,P0091,30.39,3,349
C0056,P0007,48.33,5,23
C0041,P0000,11.68,1,247
C0368,P0055,8.6,5,176
C0143,P0010,49.69,3,94
C0438,P0116,9.76,4,187
C0373,P0001,55.95,4,341
C0344,P0080,113.5,5,72
C0137,P0024,20.96,4,305
C0350,P0114,17.41,5,33
C0473,P0038,8.56,2,263
C0046,P0004,27.13,2,28
C0162,P0004,24.89,4,23
C0117,P0060,93.3,1,14
C0193,P0118,84.97,1,293
C0364,P0116,9.98,2,209
C0230,P0033,25.83,2,252
C0280,P0053,32.05,1,57
C0155,P0012,8.16,4,336
C0069,P0055,8.21,3,295
C0131,P0064,25.04,2,178
C0422,P0024,20.15,2,328
C0294,P0067,32.58,5,53
C0186,P0105,14.39,5,107
C0389,P0000,11.82,1,18
C0033,P0023,13.42,4,60
C0125,P0019,31.99,2,307
C0114,P0012,8.92,2,150
C0348,P0068,88.84,5,321
C0302,P0012,8.89,3,279
C0003,P0083,10.97,5,146
C0092,P0103,13.95,5,127
C0311,P0107,13.15,4,40
C0187,P0070,16.76,4,302
C0457,P0017,40.42,4,359
C0374,P0011,22.56,2,183
C0219,P0023,13.52,5,182
C0368,P0112,15.01,5,309
C0487,P0113,38.25,4,125
C0225,P0038,9.51,4,148
C0314,P0030,35.49,5,326
C0454,P0055,7.41,1,139
C0123,P0024,16.99,1,338
C0437,P0116,7.86,5,59
C0050,P0022,33.92,3,181
C0316,P0036,7.07,4,179
C0384,P0046,11.34,3,112
C0300,P0012,8.36,3,351
C0241,P0038,9.13,1,176
C0302,P0099,49.26,2,320
C0074,P0013,9.19,1,80
C0108,P0062,12.23,3,128
C0132,P0043,60.66,1,175
C0214,P0001,54.46,2,84
C0121,P0024,16.87,4,114
C0435,P0008,17.34,1,227
C0184,P0037,7.07,1,102
C0218,P0091,26.53,3,277
C0201,P0080,135.68,4,174
C0090,P0109,32.69,5,353
C0359,P0046,11.33,3,87
C0220,P0079,46.34,4,307
C0009,P0071,13.32,4,179
C0481,P0021,16.95,4,32
C0401,P0025,20.1,4,257
C0356,P0055,7.31,1,77
C0448,P0050,45.39,5,194
C0168,P0023,12.64,3,287
C0298,P0119,28.05,1,94
C0297,P0012,8.12,4,227
C0131,P0111,25.55,2,6
C0111,P0091,29.13,3,68
C0058,P0095,17.56,3,275
C0323,P0089,19.9,4,5
C0383,P0019,29.59,5,131
C0372,P0068,74.61,4,185
C0156,P0084,5.13,5,25
C0104,P0083,11.89,1,357
C0222,P0024,18.85,4,186
C0267,P0017,47.31,3,124
C0454,P0031,36.01,4,356
C0429,P0053,30.14,1,204
C0452,P0061,18.66,3,247
C0418,P0095,17.52,1,33
C0481,P0085,29.25,4,58
C0226,P0073,7.04,2,17
C0024,P0024,20.09,1,188
C0043,P0053,25.68,1,305
C0191,P0032,43.94,2,329
C0084,P0001,52.15,5,20
C0476,P0033,25.11,1,228
C0098,P0024,16.12,5,233
C0479,P0061,21.28,3,218
C0372,P0009,17.52,2,263
C0313,P0024,20.37,5,203
C0329,P0005,35.36,2,257
C0165,P0068,86.2,1,178
C0315,P0061,19.96,2,55
C0094,P0033,22.18,1,30
C0465,P0013,9.5,3,331
C0148,P0112,14.03,1,161
C0126,P0062,10.88,2,118
C0350,P0074,35.97,2,107
C0320,P0055,7.54,4,19
C0221,P0091,29.09,5,345
C0309,P0104,134.59,1,31
C0079,P0038,7.67,4,80
C0328,P0076,7.25,1,167
C0133,P0023,14.2,5,131
C0080,P0041,13.32,5,120
C0165,P0001,54.03,4,284
C0164,P0111,25.01,2,92
C0222,P0100,14.36,2,316
C0096,P0024,20.85,2,132
C0097,P0119,26.33,3,5
C0264,P0028,16.11,3,40
C0064,P0050,44.05,4,295
C0337,P0098,23.84,3,148
C0470,P0025,19.65,4,358
C0208,P0048,10.58,3,288
C0445,P0071,10.93,2,12
C0050,P0013,8.96,2,114
C0022,P0045,50.57,4,264
C0355,P0027,39.27,1,23
C0372,P0073,9.21,2,364
C0414,P0013,10.99,2,61
C0030,P0023,16.21,4,291
C0380,P0079,47.67,1,306
C0185,P0015,32.91,3,184
C0149,P0045,41.96,4,293
C0086,P0079,44.98,5,323
C0497,P0085,32.37,3,268
C0033,P0012,7.58,5,258
C0406,P0098,24.31,4,142
C0313,P0081,266.27,4,107
C0360,P0033,20.11,2,316
C0351,P0085,26.27,5,82
C0421,P0081,222.83,2,151
C0092,P0065,76.93,1,187
C0000,P0061,18.07,1,143
C0293,P0082,30.55,4,136
C0177,P0119,25.62,4,219
C0062,P0062,11.63,1,120
C0093,P0091,25.32,5,360
C0165,P0083,9.57,2,65
C0036,P0099,60.41,4,142
C0030,P0111,26.43,3,308
C0452,P0017,38.59,3,174
C0153,P0016,25.55,4,257
C0490,P0062,9.81,5,236
C0481,P0048,12.23,4,121
C0070,P0061,18.74,5,271
C0352,P0090,65.01,5,87
C0293,P0108,56.77,2,273
C0339,P0044,18.94,3,47
C0048,P0080,103.34,1,253
C0095,P0017,47.53,5,41
C0039,P0056,27.77,5,317
C0295,P0003,20.39,5,228
C0492,P0054,13.29,4,15
C0328,P0058,31.4,5,40
C0350,P0082,37.3,4,69
C0491,P0069,10.78,2,350
C0021,P0001,53.36,3,102
C0426,P0012,8.64,3,101
C0181,P0115,9.76,4,10
C0002,P0106,54.04,4,74
C0248,P0030,37.12,5,312
C0465,P0024,16.85,4,218
C0127,P0047,17.8,1,134
C0239,P0076,7.83,2,8
C0087,P0035,25.54,2,125
C0030,P0009,14.74,4,140
C0041,P0042,17.57,2,44
C0357,P0024,20.77,5,222
C0424,P0030,36.06,2,241
C0070,P0016,25.19,3,364
C0098,P0055,7.5,2,101
C0015,P0024,16.24,1,300
C0271,P0060,92.62,2,128
C0346,P0053,30.49,2,230
C0316,P0089,22.89,4,269
C0190,P0111,24.54,4,321
C0271,P0013,8.47,3,116
C0047,P0102,10.23,3,227
C0076,P0078,28.37,3,48
C0373,P0037,8.25,1,17
C0456,P0034,15.5,4,254
C0453,P0001,55.92,5,77
C0317,P0117,25.44,3,169
C0459,P0066,42.37,1,28
C0203,P0042,16.29,5,251
C0002,P0058,29.62,2,176
C0033,P0005,40.92,4,242
C0056,P0017,46.61,5,127
C0048,P0068,70.28,5,3
C0176,P0055,7.98,1,212
C0346,P0087,19.05,1,255
C0389,P0070,13.88,4,242
C0289,P0065,63.59,4,96
C0072,P0092,19.38,5,261
C0367,P0009,14.87,3,198
C0177,P0076,8.44,1,77
C0007,P0079,46.2,4,41
C0164,P0017,46.06,3,9
C0134,P0020,38.91,4,261
C0400,P0017,44.53,2,6
C0372,P0055,6.73,5,18
C0342,P0013,9.85,1,58
C0068,P0070,12.93,5,119
C0398,P0012,8.17,5,8
C0331,P0004,26.21,4,230
C0097,P0029,26.4,5,49
C0316,P0017,44.85,5,293
C0236,P0118,93.2,1,204
C0213,P0025,15.7,3,31
C0057,P0022,40.59,4,146
C0254,P0017,36.92,5,52
C0051,P0037,8.46,4,357
C0081,P0065,78.02,3,216
C0065,P0087,18.08,3,295
C0476,P0035,22.6,1,137
C0140,P0068,85.19,2,54
C0160,P0097,89.94,5,152
C0444,P0061,22.04,5,281
C0275,P0024,16.03,4,157
C0454,P0078,31.54,1,339
C0148,P0093,11.18,4,132
C0059,P0050,52.69,3,85
C0272,P0118,85.81,4,181
C0173,P0101,8.76,3,41
C0395,P0017,42.5,4,244
C0433,P0087,16.28,2,37
C0229,P0065,73.4,1,234
C0485,P0056,25.7,2,140
C0271,P0055,8.36,5,130
C0133,P0098,25.11,1,223
C0239,P0067,29.7,2,257
C0020,P0057,15.94,2,339
C0396,P0006,37.5,5,106
C0052,P0048,10.54,2,296
C0277,P0079,47.79,5,363
C0022,P0006,40.34,4,352
C0041,P0102,11.55,2,288
C0343,P0094,7.16,3,108
C0037,P0059,25.3,4,253
C0232,P0003,17.57,1,286
C0169,P0061,17.6,5,107
C0113,P0007,41.24,3,297
C0095,P0029,25.24,5,256
C0373,P0068,83.45,4,179
C0475,P0106,41.5,5,314
C0068,P0035,20.85,1,32
C0479,P0099,50.93,1,249
C0291,P0106,45.39,1,287
C0314,P0003,21.35,5,15
C0350,P0024,16.72,5,149
C0348,P0079,41.67,5,189
C0402,P0084,4.26,2,76
C0236,P0040,30.08,2,321
C0260,P0070,13.06,2,229
C0161,P0067,31.73,5,101
C0053,P0083,10.47,2,160
C0325,P0080,106.35,3,41
C0018,P0011,21.71,4,32
C0135,P0015,36.54,2,272
C0047,P0013,8.65,3,359
C0096,P0108,57.32,4,101
C0312,P0106,44.88,4,90
C0307,P0090,65.53,1,249
C0205,P0012,9.98,3,186
C0046,P0061,19.86,1,51
C0211,P0017,39.15,1,243
C0176,P0036,7.0,4,77
C0283,P0094,5.78,2,169
C0239,P0013,10.06,1,270
C0238,P0069,9.45,5,190
C0482,P0117,31.12,5,236
C0371,P0075,21.95,5,87
C0242,P0010,54.23,1,180
C0233,P0106,51.36,1,260
C0015,P0068,82.46,2,193
C0469,P0049,18.7,1,88
C0159,P0070,16.86,3,348
C0126,P0101,10.82,4,25
C0499,P0052,38.36,1,332
C0354,P0055,8.35,2,264
C0024,P0048,11.74,3,41
C0033,P0010,45.22,2,93
C0015,P0087,19.58,3,135
C0293,P0012,7.54,3,349
C0037,P0040,31.02,5,189
C0464,P0039,10.73,2,94
C0266,P0042,18.46,5,43
C0302,P0068,71.4,3,298
C0143,P0027,31.93,3,303
C0033,P0017,39.07,4,141
C0362,P0100,15.7,5,16
C0052,P0115,7.86,1,323
C0044,P0050,50.82,5,353
C0152,P0031,32.42,4,138
C0007,P0005,37.46,3,68
C0211,P0005,37.27,5,99
C0349,P0040,33.9,2,50
C0395,P0108,57.27,4,223
C0295,P0082,30.58,3,189
C0416,P0035,21.92,5,130
C0199,P0114,18.03,3,237
C0417,P0046,10.03,4,227
C0248,P0024,20.17,3,5
C0111,P0046,13.23,2,150
C0470,P0019,28.75,2,315
C0135,P0103,15.61,5,290
C0015,P0035,22.42,5,312
C0120,P0070,14.34,2,348
C0182,P0039,9.74,5,23
C0176,P0105,10.95,3,99
C0256,P0068,73.03,1,168
C0436,P0053,29.48,4,186
C0143,P0013,9.93,1,287
C0255,P0105,11.64,5,264
C0170,P0059,25.82,3,258
C0077,P0101,9.01,3,247
C0052,P0007,42.06,1,290
C0246,P0028,17.84,4,274
C0328,P0057,16.14,4,213
C0393,P0033,24.28,2,33
C0289,P0052,30.12,2,55
C0379,P0024,17.94,5,271
C0192,P0013,11.3,4,317
C0018,P0005,33.96,2,301
C0059,P0015,35.63,4,156
C0020,P0110,18.66,2,214
C0163,P0061,18.11,1,65
C0241,P0053,29.34,4,216
C0178,P0038,7.64,5,72
C0274,P0079,48.24,5,290
C0234,P0013,11.17,3,286
C0331,P0024,16.7,1,19
C0326,P0070,12.98,3,341
C0158,P0053,32.57,4,290
C0174,P0085,30.03,5,138
C0286,P0105,14.18,1,165
C0292,P0093,10.09,4,29
C0155,P0017,44.25,3,341
C0164,P0012,9.96,3,37
C0341,P0017,38.42,1,336
C0316,P0087,19.19,1,239
C0066,P0106,49.87,4,335
C0214,P0106,52.48,1,135
C0440,P0024,16.54,4,327
C0019,P0095,16.3,1,156
C0420,P0057,14.27,5,128
C0081,P0093,12.19,2,123
C0248,P0059,21.69,3,347
C0207,P0013,8.62,2,170
C0004,P0010,54.55,3,175
C0452,P0111,22.33,3,235
C0222,P0046,11.96,4,203
C0141,P0035,24.05,5,138
C0426,P0038,7.73,1,60
C0456,P0109,32.97,5,363
C0272,P0009,17.12,4,179
C0103,P0012,8.4,2,354
C0335,P0088,13.91,5,168
C0269,P0059,22.27,4,219
C0471,P0012,9.39,1,199
C0213,P0004,25.16,1,352
C0132,P0022,33.15,4,41
C0344,P0001,52.5,1,56
C0486,P0021,20.31,4,316
C0016,P0083,10.88,3,194
C0363,P0098,30.26,5,336
C0458,P0105,13.41,4,101
C0038,P0039,12.17,5,60
C0056,P0029,26.39,1,229
C0339,P0119,24.94,4,54
C0316,P0085,34.75,2,136
C0036,P0057,17.44,3,115
C0409,P0024,18.75,5,81
C0256,P0029,22.29,5,48
C0448,P0055,6.95,2,239
C0432,P0058,30.56,2,276
C0400,P0001,51.89,4,144
C0253,P0112,15.3,5,103
C0124,P0061,19.48,4,58
C0248,P0063,28.43,1,247
C0051,P0019,25.24,1,295
C0322,P0085,27.25,4,200
C0066,P0083,9.7,4,158
C0251,P0012,9.69,5,237
C0028,P0063,28.79,3,334
C0148,P0070,16.68,3,361
C0116,P0095,17.87,1,71
C0303,P0019,30.1,4,174
C0387,P0101,9.54,5,319
C0030,P0050,52.6,1,231
C0418,P0012,10.01,3,297
C0422,P0012,9.43,2,363
C0172,P0017,37.58,4,38
C0322,P0024,19.18,4,223
C0198,P0054,13.51,2,194
C0076,P0083,9.71,5,104
C0259,P0017,45.09,1,238
C0044,P0119,30.68,4,38
C0432,P0016,24.68,4,181
C0457,P0064,25.51,1,151
C0403,P0107,13.29,4,143
C0275,P0095,14.8,2,224
C0273,P0069,8.16,2,344
C0491,P0079,51.15,1,345
C0122,P0013,10.94,4,256
C0039,P0001,53.46,5,121
C0275,P0047,21.06,3,352
C0163,P0012,8.41,4,364
C0161,P0035,21.21,2,309
C0003,P0022,38.06,3,318
C0292,P0106,53.01,4,298
C0129,P0101,9.0,3,277
C0095,P0093,9.98,4,265
C0021,P0079,44.63,1,233
C0181,P0015,31.6,3,236
C0433,P0005,36.63,5,142
C0168,P0070,12.62,4,323
C0332,P0068,85.93,2,232
C0371,P0036,5.89,3,224
C0163,P0051,6.51,4,271
C0403,P0053,30.05,5,28
C0339,P0024,20.21,5,335
C0274,P0028,19.18,5,213
C0001,P0044,17.72,4,344
C0019,P0065,63.78,2,38
C0495,P0111,25.53,2,86
C0384,P0057,13.75,3,346
C0465,P0082,31.34,3,253
C0446,P0091,24.09,5,236
C0012,P0012,9.9,5,148
C0391,P0070,12.53,5,203
C0221,P0053,29.61,4,199
C0389,P0061,19.8,1,73
C0003,P0005,41.01,1,207
C0141,P0106,44.95,2,188
C0368,P0110,24.07,4,114
C0391,P0000,13.13,2,125
C0303,P0020,39.65,4,280
C0148,P0017,40.8,5,246
C0152,P0087,19.27,2,172
C0483,P0064,31.51,5,221
C0213,P0017,41.33,3,88
C0219,P0092,20.58,5,182
C0270,P0035,19.84,1,205
C0201,P0050,42.02,2,92
C0271,P0039,9.57,5,62
C0211,P0055,6.61,5,192
C0405,P0053,26.58,3,343
C0450,P0024,20.32,1,169
C0462,P0045,48.22,1,329
C0276,P0106,52.95,3,310
C0214,P0054,15.82,5,272
C0348,P0106,49.77,2,326
C0411,P0059,22.15,5,150
C0275,P0085,32.2,3,277
C0346,P0024,17.14,1,53
C0368,P0088,15.12,3,117
C0330,P0024,20.85,2,207
C0366,P0003,20.86,2,14
C0105,P0016,25.29,4,279
C0243,P0003,20.1,2,337
C0288,P0109,29.42,5,39
C0002,P0119,23.92,5,362
C0420,P0085,26.09,4,33
C0064,P0105,13.46,5,278
C0401,P0083,10.66,3,250
C0354,P0032,35.71,4,341
C0372,P0054,17.48,1,155
C0192,P0070,14.86,4,209
C0420,P0003,18.17,2,55
C0202,P0054,15.34,4,252
C0280,P0082,34.38,2,364
C0000,P0017,42.24,5,218
C0315,P0048,11.86,4,340
C0354,P0056,29.0,3,144
C0278,P0082,32.15,3,358
C0242,P0113,34.91,1,196
C0399,P0097,85.89,2,53
C0333,P0068,87.63,4,132
C0137,P0062,10.19,5,180
C0479,P0065,67.78,5,25
C0349,P0058,33.96,1,327
C0493,P0008,19.03,2,88
C0485,P0077,9.66,4,246
C0454,P0079,44.6,2,335
C0370,P0055,7.37,2,159
C0297,P0101,10.9,2,222
C0086,P0072,17.59,5,189
C0265,P0035,21.16,5,279
C0375,P0003,19.16,1,15
C0255,P0008,18.03,5,131
C0426,P0035,19.95,3,223
C0056,P0050,53.25,5,34
C0187,P0017,36.43,4,313
C0248,P0017,47.72,4,231
C0211,P0023,15.72,3,2
C0055,P0086,11.17,4,5
C0076,P0085,32.43,5,59
C0410,P0038,9.21,3,242
C0236,P0017,43.93,1,189
C0025,P0012,9.05,1,176
C0009,P0012,7.65,3,205
C0230,P0039,9.59,3,181
C0081,P0005,41.88,5,125
C0348,P0032,36.84,1,3
C0393,P0112,13.4,5,11
C0113,P0055,7.71,1,251
C0290,P0093,9.63,3,271
C0076,P0012,9.61,3,88
C0149,P0024,20.04,3,89
C0438,P0109,36.81,1,149
C0266,P0038,7.37,4,235
C0436,P0069,9.27,1,217
C0112,P0116,9.75,4,204
C0164,P0060,84.73,3,14
C0229,P0026,9.97,5,157
C0234,P0056,26.69,5,274
C0498,P0007,44.16,5,215
C0059,P0012,8.25,3,294
C0419,P0001,55.67,3,253
C0424,P0102,10.09,4,328
C0271,P0072,19.9,4,209
C0173,P0024,18.77,4,208
C0254,P0021,16.92,3,203
C0143,P0075,21.79,3,97
C0394,P0106,46.99,1,159
C0458,P0029,28.21,5,157
C0304,P0098,29.02,5,55
C0252,P0104,138.42,4,179
C0350,P0106,53.0,2,348
C0247,P0024,18.59,1,165
C0447,P0012,8.68,1,269
C0092,P0047,18.87,4,160
C0486,P0024,16.44,4,330
C0400,P0102,11.11,2,77
C0422,P0005,38.69,1,304
C0235,P0068,84.63,1,264
C0410,P0106,47.15,4,324
C0150,P0116,9.08,4,49
C0373,P0069,10.43,2,326
C0068,P0110,24.84,4,331
C0150,P0010,46.14,5,108
C0218,P0035,25.8,3,228
C0161,P0001,58.12,2,214
C0190,P0117,24.51,1,18
C0402,P0105,12.09,4,192
C0126,P0004,25.59,3,240
C0366,P0002,6.69,2,75
C0038,P0035,23.4,1,132
C0375,P0024,18.32,5,214
C0391,P0097,108.9,5,339
C0197,P0016,26.12,3,23
C0355,P0088,14.5,2,341
C0395,P0037,8.8,5,308
C0191,P0013,10.73,3,18
C0236,P0119,25.51,1,207
C0382,P0068,69.9,1,135
C0143,P0047,18.99,1,335
C0396,P0036,6.21,3,270
C0163,P0106,44.19,3,237
C0397,P0093,12.0,3,11
C0044,P0091,29.24,4,319
C0023,P0068,77.11,1,179
C0498,P0103,12.8,5,59
C0427,P0024,17.69,2,319
C0435,P0078,31.3,3,330
C0475,P0042,19.29,2,181
C0213,P0064,25.65,2,241
C0141,P0119,30.8,5,223
C0065,P0117,25.01,1,111
C0244,P0055,7.16,3,273
C0110,P0061,23.26,3,364
C0465,P0105,11.54,3,341
C0002,P0117,24.79,2,251
C0070,P0086,13.33,2,132
C0122,P0009,16.41,5,331
C0099,P0030,31.63,2,338
C0112,P0104,114.61,3,3
C0320,P0085,26.55,2,124
C0162,P0083,11.2,4,202
C0301,P0071,10.75,5,211
C0439,P0044,19.99,5,260
C0294,P0042,20.07,1,187
C0342,P0091,24.86,1,6
C0079,P0075,18.36,3,278
C0160,P0081,236.27,1,253
C0481,P0096,21.66,5,238
C0304,P0029,26.91,5,161
C0136,P0083,10.6,3,101
C0221,P0012,8.83,4,113
C0409,P0013,10.43,3,251
C0326,P0044,20.23,4,184
C0274,P0007,43.52,5,48
C0436,P0109,30.47,1,146
C0328,P0105,14.55,2,300
C0314,P0006,41.0,3,219
C0096,P0095,17.48,5,316
C0054,P0055,8.12,3,186
C0481,P0078,31.66,2,177
C0293,P0103,12.61,1,346
C0203,P0062,9.66,3,185
C0289,P0012,8.81,2,50
C0033,P0000,12.31,2,147
C0403,P0054,16.5,5,236
C0108,P0109,35.48,3,126
C0396,P0061,22.76,1,150
C0261,P0037,8.8,1,318
C0135,P0004,29.85,2,159
C0016,P0106,41.88,1,111
C0401,P0031,34.07,3,40
C0088,P0078,32.56,3,147
C0027,P0076,7.76,5,280
C0370,P0024,16.6,2,110
C0175,P0009,17.37,2,172
C0191,P0038,8.14,4,240
C0122,P0028,16.04,4,338
C0422,P0077,11.98,1,297
C0147,P0093,10.46,1,105
C0106,P0022,35.64,1,60
C0151,P0055,7.86,4,245
C0103,P0005,39.95,2,93
C0157,P0020,36.99,5,143
C0043,P0085,31.3,3,38
C0078,P0089,20.83,5,282
C0204,P0086,13.4,2,59
C0433,P0013,8.86,3,139
C0030,P0060,101.46,1,149
C0107,P0045,47.87,5,16
C0449,P0118,84.62,3,283
C0439,P0070,13.83,1,226
C0119,P0013,10.57,5,65
C0205,P0048,12.0,4,20
C0106,P0085,32.23,5,21
C0064,P0036,7.1,2,228
C0187,P0068,78.05,3,273
C0282,P0055,8.1,5,290
C0179,P0119,27.39,4,292
C0298,P0017,44.39,4,144
C0145,P0108,51.3,4,1
C0173,P0042,19.63,4,90
C0389,P0051,5.25,1,287
C0432,P0055,7.05,2,279
C0160,P0024,17.23,4,185
C0280,P0113,39.73,2,9
C0137,P0106,48.08,4,283
C0028,P0115,8.83,3,297
C0362,P0119,27.08,4,83
C0085,P0072,17.7,2,293
C0207,P0048,12.74,2,233
C0238,P0097,114.92,4,324
C0092,P0003,20.71,1,229
C0047,P0095,18.33,2,33
C0175,P0054,13.87,5,236
C0476,P0073,7.59,1,40
C0301,P0037,7.93,3,95
C0187,P0036,6.66,1,318
C0020,P0004,25.45,4,353
C0293,P0045,47.53,1,173
C0046,P0043,63.13,3,106
C0264,P0022,32.84,3,143
C0369,P0024,17.29,4,89
C0207,P0062,11.94,1,209
C0148,P0028,18.02,3,154
C0024,P0094,6.49,3,22
C0210,P0062,11.84,2,235
C0436,P0016,26.58,4,243
C0121,P0055,8.36,3,345
C0281,P0060,80.57,3,257
C0334,P0068,79.17,5,246
C0032,P0046,10.29,3,78
C0076,P0055,7.54,5,170
C0165,P0017,42.88,5,159
C0327,P0050,41.99,3,350
C0213,P0037,7.62,2,173
C0360,P0071,12.22,3,251
C0426,P0047,21.52,1,197
C0372,P0086,11.09,4,21
C0495,P0046,10.21,2,341
C0419,P0024,20.24,4,84
C0408,P0005,43.56,3,22
C0358,P0058,27.86,1,342
C0395,P0094,6.85,1,112
C0464,P0085,31.1,4,7
C0231,P0047,23.83,4,225
C0312,P0017,37.44,2,6
C0252,P0099,54.62,1,79
C0419,P0008,19.08,2,326
C0210,P0041,11.2,4,14
C0402,P0099,46.53,3,274
C0394,P0040,29.24,1,225
C0480,P0012,8.72,1,112
C0350,P0064,31.01,4,173
C0371,P0014,10.63,4,194
C0465,P0070,16.29,3,325
C0448,P0047,20.04,4,96
C0281,P0032,47.6,1,215
C0283,P0024,16.25,3,250
C0082,P0093,11.79,2,5
C0487,P0041,13.35,5,327
C0126,P0083,12.2,3,362
C0356,P0047,22.74,5,32
C0393,P0012,8.47,3,96
C0214,P0047,22.14,3,287
C0106,P0055,7.89,5,295
C0095,P0050,46.96,5,57
C0420,P0092,24.81,3,334
C0250,P0106,44.96,2,120
C0046,P0087,17.14,4,107
C0354,P0062,12.13,1,131
C0123,P0058,27.68,2,245
C0430,P0069,8.49,5,76
C0151,P0024,17.3,5,198
C0101,P0091,29.98,3,28
C0043,P0099,59.66,2,54
C0251,P0024,16.23,5,280
C0221,P0105,13.18,2,140
C0368,P0097,102.96,1,289
C0226,P0045,46.5,1,269
C0173,P0106,50.44,1,363
C0128,P0012,10.06,5,51
C0137,P0004,26.65,1,341
C0459,P0034,16.44,2,325
C0082,P0061,20.75,4,159
C0493,P0035,22.53,4,50
C0162,P0108,51.28,5,49
C0031,P0068,89.42,2,35
C0252,P0081,259.25,5,205
C0168,P0037,8.3,2,314
C0324,P0116,7.54,5,355
C0308,P0076,6.93,2,98
C0468,P0006,41.74,4,121
C0479,P0012,8.86,4,73
C0333,P0012,8.42,4,82
C0401,P0110,22.61,4,160
C0391,P0075,18.85,2,362
C0239,P0046,9.97,1,326
C0348,P0018,14.82,1,333
C0040,P0101,9.07,3,165
C0371,P0018,16.71,5,240
C0480,P0079,54.43,4,264
C0463,P0054,15.61,3,201
C0113,P0022,37.46,3,136
C0256,P0038,8.87,1,173
C0459,P0113,29.88,4,161
C0479,P0076,7.86,2,23
C0063,P0097,95.54,3,280
C0175,P0058,31.97,3,328
C0344,P0024,16.63,1,275
C0111,P0079,51.08,5,340
C0161,P0054,15.82,2,158
C0013,P0017,44.57,4,21
C0076,P0043,62.63,4,98
C0275,P0068,83.1,1,311
C0318,P0082,36.61,2,51
C0316,P0024,18.29,3,200
C0381,P0101,9.05,5,1
C0203,P0038,7.67,4,118
C0134,P0024,17.19,3,42
C0008,P0017,45.99,5,42
C0104,P0091,27.06,3,60
C0153,P0035,24.42,5,196
C0088,P0053,31.81,4,252
C0011,P0022,37.2,1,105
C0077,P0075,21.61,2,298
C0326,P0087,18.19,1,143
C0308,P0033,22.8,2,269
C0465,P0109,30.35,1,193
C0278,P0013,11.29,1,357
C0067,P0063,28.04,4,362
C0276,P0078,35.63,3,214
C0033,P0024,21.09,3,351
C0210,P0061,20.18,4,256
C0191,P0029,26.45,5,98
C0209,P0061,21.13,3,341
C0137,P0070,13.55,3,53
C0335,P0115,7.95,4,171
C0413,P0049,18.44,3,56
C0376,P0069,10.3,3,286
C0307,P0062,10.25,2,327
C0263,P0028,18.29,1,299
C0017,P0024,19.2,1,38
C0355,P0118,91.86,4,99
C0266,P0019,26.06,5,124
C0133,P0088,14.89,3,43
C0163,P0013,8.96,1,194
C0465,P0091,25.7,4,13
C0305,P0017,37.38,5,224
C0231,P0114,15.14,3,210
C0303,P0075,18.76,1,217
C0202,P0012,9.05,1,333
C0229,P0076,7.43,3,287
C0142,P0065,67.68,5,95
C0214,P0033,25.13,1,209
C0335,P0024,18.49,4,293
C0021,P0080,136.57,4,310
C0392,P0083,11.57,1,235
C0139,P0031,29.98,2,31
C0333,P0101,10.69,1,159
C0314,P0024,20.32,3,313
C0318,P0010,50.71,1,27
C0297,P0064,29.56,5,215
C0359,P0055,8.33,4,126
C0348,P0024,18.42,1,356
C0118,P0020,36.54,2,217
C0139,P0078,27.35,4,343
C0207,P0059,22.17,1,172
C0136,P0095,15.39,3,308
C0182,P0062,10.39,2,226
C0191,P0053,33.16,1,332
C0295,P0024,16.91,3,119
C0110,P0088,14.22,3,140
C0396,P0017,39.08,2,15
C0213,P0024,18.6,5,83
C0348,P0095,17.21,1,51
C0041,P0083,11.23,3,67
C0228,P0067,37.06,1,113
C0016,P0005,45.04,4,319
C0173,P0054,16.65,4,301
C0474,P0083,10.67,1,297
C0161,P0050,49.2,3,358
C0276,P0002,6.1,1,186
C0127,P0017,46.26,2,309
C0303,P0063,25.53,5,153
C0227,P0076,6.92,4,231
C0183,P0004,24.07,1,296
C0057,P0024,19.39,5,21
C0060,P0011,17.91,1,61
C0499,P0058,29.65,4,263
C0002,P0069,10.31,3,102
C0476,P0086,11.03,5,280
C0011,P0114,14.74,4,6
C0204,P0109,34.58,2,64
C0354,P0024,18.85,1,172
C0452,P0004,30.72,2,334
C0351,P0031,36.04,3,273
C0225,P0079,54.44,1,249
C0486,P0008,17.53,5,259
C0021,P0035,22.32,1,114
C0418,P0021,16.9,5,323
C0460,P0079,52.23,2,266
C0126,P0070,12.55,3,218
C0070,P0056,25.88,1,31
C0253,P0012,9.1,5,134
C0256,P0014,12.81,4,141
C0457,P0038,7.33,1,246
C0303,P0070,13.23,2,144
C0152,P0062,10.31,4,209
C0197,P0010,45.16,4,5
C0066,P0112,14.02,3,68
C0096,P0026,10.7,5,196
C0070,P0035,20.27,2,349
C0399,P0068,77.27,4,277
C0348,P0109,32.95,3,152
C0259,P0071,10.92,4,353
C0185,P0111,22.17,3,101
C0326,P0017,45.37,3,325
C0434,P0094,7.03,5,32
C0267,P0055,7.49,5,1
C0402,P0035,23.76,1,357
C0251,P0117,31.49,3,234
C0230,P0013,10.95,4,55
C0425,P0043,78.11,5,362
C0190,P0101,8.85,2,15
C0193,P0105,14.57,4,122
C0149,P0117,30.83,3,273
C0254,P0103,14.94,2,20
C0266,P0006,45.52,5,330
C0323,P0107,13.64,3,247
C0210,P0046,11.42,4,346
C0109,P0070,15.78,2,305
C0426,P0040,35.79,1,301
C0174,P0092,23.11,3,83
C0456,P0061,21.79,4,75
C0105,P0096,21.32,2,89
C0262,P0017,41.24,4,242
C0406,P0047,22.36,4,22
C0068,P0000,13.07,5,156
C0450,P0076,8.32,5,212
C0287,P0061,20.84,5,178
C0250,P0010,43.47,4,82
C0019,P0017,44.35,5,40
C0242,P0068,88.27,1,360
C0129,P0026,9.82,2,170
C0172,P0020,45.27,5,217
C0316,P0023,16.61,3,207
C0242,P0020,38.76,1,135
C0047,P0068,84.39,5,264
C0037,P0017,43.13,4,137
C0093,P0035,22.71,5,151
C0096,P0075,18.94,1,293
C0297,P0055,7.12,1,116
C0088,P0064,26.49,3,255
C0434,P0024,19.07,1,243
C0106,P0108,46.14,3,12
C0430,P0024,18.48,2,292
C0145,P0105,12.48,4,99
C0207,P0070,16.28,1,333
C0479,P0067,32.08,5,8
C0471,P0103,12.01,1,66
C0352,P0008,21.3,3,345
C0036,P0095,18.35,5,312
C0290,P0074,42.74,1,275
C0494,P0035,24.79,5,220
C0472,P0024,16.3,2,74
C0054,P0012,9.55,4,179
C0194,P0108,47.16,5,206
C0156,P0013,9.88,2,33
C0064,P0024,16.58,2,217
C0342,P0076,8.14,5,33
C0134,P0079,44.31,1,46
C0173,P0016,25.45,1,62
C0046,P0092,19.08,2,70
C0243,P0055,8.22,4,30
C0077,P0097,94.74,5,349
C0211,P0012,8.89,3,293
C0070,P0005,37.24,3,185
C0476,P0068,85.61,5,135
C0071,P0014,10.8,1,70
C0255,P0055,8.73,5,346
C0098,P0001,50.38,2,291
C0039,P0086,11.28,2,274
C0102,P0105,11.73,5,172
C0028,P0095,14.5,4,10
C0068,P0112,14.39,3,233
C0241,P0105,11.77,2,178
C0318,P0048,12.8,3,109
C0044,P0041,11.95,4,115
C0214,P0104,123.89,1,22
C0284,P0107,11.74,1,318
C0116,P0115,8.36,2,61
C0184,P0085,27.46,3,296
C0110,P0109,29.46,2,17
C0227,P0109,30.26,4,227
C0495,P0071,13.23,5,25
C0498,P0099,56.54,3,303
C0207,P0108,47.92,5,8
C0161,P0099,51.63,2,279
C0118,P0007,41.34,2,337
C0008,P0033,24.74,5,177
C0048,P0013,8.6,3,340
C0222,P0053,28.82,1,243
C0170,P0023,15.83,4,192
C0090,P0110,22.4,2,131
C0353,P0061,20.37,5,107
C0178,P0105,12.16,5,226
C0120,P0004,32.06,5,13
C0263,P0085,27.42,5,150
C0092,P0078,29.22,4,17
C0241,P0059,22.99,2,145
C0075,P0092,24.25,4,291
C0080,P0095,17.95,5,252
C0299,P0063,27.96,5,46
C0129,P0113,39.84,3,261
C0086,P0080,104.93,4,6
C0460,P0073,9.12,2,5
C0022,P0035,19.98,2,333
C0277,P0000,11.87,4,12
C0268,P0024,15.89,3,97
C0123,P0085,34.94,2,49
C0222,P0079,53.93,4,212
C0044,P0031,35.96,2,191
C0355,P0068,72.4,3,306
C0111,P0017,39.77,2,360
C0097,P0024,18.07,5,272
C0155,P0109,31.61,5,170
C0446,P0043,59.41,3,17
C0393,P0024,19.21,4,336
C0472,P0053,30.68,1,205
C0318,P0039,12.39,5,80
C0325,P0081,250.67,2,198
C0233,P0112,13.85,5,143
C0447,P0063,28.42,5,128
C0250,P0063,25.73,1,166
C0177,P0035,23.89,1,275
C0313,P0061,21.9,4,60
C0266,P0029,22.2,5,351
C0062,P0000,11.6,4,23
C0192,P0100,18.27,1,54
C0154,P0046,11.64,4,247
C0416,P0053,29.95,2,53
C0186,P0011,22.45,5,284
C0403,P0095,17.02,5,268
C0215,P0017,37.12,4,157
C0369,P0043,75.7,3,166
C0066,P0095,18.74,2,364
C0457,P0050,41.61,5,290
C0234,P0108,45.82,1,231
C0128,P0019,29.54,1,52
C0120,P0079,49.47,1,215
C0130,P0116,8.52,3,15
C0182,P0059,25.26,1,92
C0354,P0076,8.02,3,255
C0474,P0040,33.83,1,149
C0327,P0083,9.92,5,363
C0267,P0106,42.07,3,342
C0220,P0078,30.95,1,35
C0406,P0108,58.25,4,322
C0418,P0063,28.81,2,315
C0143,P0062,10.36,2,39
C0476,P0025,20.3,4,141
C0193,P0079,46.37,5,346
C0395,P0102,11.37,5,7
C0483,P0069,8.39,3,22
C0348,P0023,15.48,5,186
C0080,P0058,31.33,2,347
C0287,P0084,4.85,5,102
C0060,P0108,48.98,5,282
C0388,P0015,35.82,3,253
C0138,P0012,7.96,3,54
C0342,P0043,79.04,3,105
C0450,P0012,7.74,1,228
C0090,P0117,29.42,5,176
C0192,P0045,46.99,4,87
C0316,P0056,23.32,5,74
C0205,P0023,13.87,1,203
C0087,P0048,9.9,5,302
C0016,P0117,28.64,2,151
C0199,P0053,34.08,5,337
C0317,P0001,52.11,5,243
C0281,P0024,21.05,5,147
C0077,P0116,7.84,5,258
C0221,P0118,83.97,1,164
C0183,P0019,31.21,2,276
C0134,P0067,36.33,2,358
C0151,P0062,11.4,5,52
C0263,P0012,9.86,4,27
C0456,P0093,11.57,3,295
C0263,P0108,53.68,5,309
C0302,P0017,38.18,1,207
C0037,P0050,41.89,4,90
C0088,P0012,9.14,3,321
C0051,P0033,22.67,2,164
C0374,P0009,15.62,4,107
C0094,P0118,83.96,5,108
C0109,P0005,39.16,5,103
C0289,P0010,47.08,3,246
C0304,P0055,6.82,1,7
C0447,P0108,53.38,3,62
C0144,P0017,38.1,4,236
C0322,P0017,41.65,1,363
C0274,P0083,10.84,5,287
C0150,P0081,260.04,5,91
C0448,P0077,11.25,5,187
C0048,P0004,29.16,1,8
C0351,P0024,19.44,5,151
C0357,P0095,14.65,4,102
C0452,P0065,68.51,1,183
C0254,P0065,62.23,3,149
C0377,P0109,35.73,1,342
C0243,P0081,227.21,3,25
C0376,P0012,9.19,4,344
C0131,P0108,48.69,4,288
C0289,P0062,10.44,4,260
C0425,P0032,44.53,4,301
C0158,P0041,10.36,4,19
C0236,P0081,240.51,1,78
C0475,P0037,7.46,4,1
C0498,P0108,59.41,5,223
C0075,P0035,25.22,2,155
C0254,P0045,41.6,2,232
C0233,P0077,11.43,4,341
C0394,P0066,41.87,4,121
C0449,P0047,23.13,2,325
C0359,P0069,9.53,2,194
C0306,P0105,11.49,5,137
C0209,P0091,26.38,5,335
C0250,P0093,11.68,1,178
C0249,P0024,20.39,2,47
C0011,P0045,44.52,4,105
C0246,P0060,87.84,1,308
C0420,P0005,42.16,1,188
C0350,P0085,33.36,1,204
C0393,P0030,38.9,3,249
C0191,P0024,17.71,3,71
C0259,P0024,19.13,2,34
C0018,P0024,20.32,1,161
C0188,P0033,20.3,4,335
C0230,P0065,70.33,5,47
C0338,P0019,30.12,4,36
C0212,P0094,5.85,3,49
C0203,P0012,8.95,3,317
C0262,P0055,8.63,5,271
C0213,P0061,22.2,5,291
C0230,P0103,13.83,4,114
C0284,P0068,83.97,5,107
C0003,P0115,8.11,4,190
C0448,P0101,10.49,4,185
C0037,P0020,43.08,5,314
C0221,P0024,16.26,1,216
C0105,P0034,20.01,2,353
C0256,P0039,9.47,2,88
C0137,P0060,91.77,4,103
C0422,P0023,13.03,2,88
C0194,P0022,37.68,2,237
C0312,P0038,7.42,3,13
C0123,P0072,15.7,4,314
C0011,P0075,20.33,3,281
C0198,P0116,10.14,1,360
C0261,P0018,16.26,4,349
C0224,P0040,34.92,3,26
C0480,P0113,35.25,1,273
C0349,P0076,8.34,4,184
C0497,P0063,26.52,2,268
C0144,P0058,30.04,3,319
C0388,P0010,55.32,5,213
C0272,P0104,127.9,2,2
C0298,P0068,77.65,5,315
C0492,P0061,22.62,3,160
C0319,P0057,15.25,5,167
C0444,P0040,32.57,5,213
C0063,P0084,4.87,2,192
C0345,P0055,8.71,4,76
C0236,P0004,29.04,2,267
C0454,P0041,12.33,5,231
C0397,P0107,11.52,5,24
C0053,P0037,6.58,4,194
C0066,P0043,62.58,5,286
C0036,P0068,70.72,3,322
C0241,P0091,24.61,1,104
C0041,P0072,18.79,5,191
C0356,P0097,89.91,3,301
C0270,P0012,7.74,1,213
C0409,P0106,46.29,1,153
C0137,P0105,11.76,4,68
C0254,P0055,6.89,5,16
C0060,P0068,70.69,4,252
C0436,P0020,37.51,3,351
C0052,P0018,18.78,3,285
C0104,P0003,20.76,2,247
C0397,P0117,30.28,2,127
C0054,P0024,19.06,1,191
C0300,P0063,31.78,3,99
C0366,P0024,18.46,2,82
C0368,P0036,6.61,1,215
C0096,P0041,11.57,2,236
C0033,P0032,39.62,4,360
C0220,P0068,75.1,3,86
C0102,P0112,13.0,3,106
C0345,P0046,12.65,3,61
C0178,P0115,7.97,3,346
C0220,P0071,12.3,3,285
C0058,P0066,53.08,5,121
C0278,P0024,18.34,4,353
C0093,P0009,14.76,1,257
C0332,P0098,26.65,5,174
C0037,P0061,19.31,1,139
C0487,P0044,21.14,1,208
C0334,P0091,29.42,3,31
C0090,P0027,38.63,2,63
C0008,P0087,17.68,4,341
C0167,P0031,37.27,4,76
C0075,P0106,51.18,1,60
C0109,P0024,15.96,3,314
C0428,P0013,9.09,4,344
C0294,P0077,9.3,4,298
C0088,P0016,27.57,3,38
C0272,P0109,37.14,4,306
C0487,P0023,14.45,2,5
C0018,P0019,31.41,3,336
C0359,P0106,43.26,4,98
C0379,P0066,41.74,1,240
C0035,P0104,151.52,4,27
C0086,P0012,9.91,2,69
C0189,P0106,50.61,1,321
C0426,P0055,7.12,4,216
C0262,P0072,20.49,2,364
C0320,P0037,8.32,3,66
C0385,P0008,19.53,4,325
C0406,P0112,13.32,3,319
C0231,P0119,27.99,4,337
C0249,P0035,25.25,5,19
C0354,P0108,57.28,4,39
C0129,P0017,43.41,1,193
C0420,P0015,36.77,2,43
C0012,P0010,51.62,3,24
C0098,P0039,11.14,3,296
C0395,P0006,42.27,2,253
C0170,P0040,29.58,1,308
C0073,P0013,8.8,1,341
C0094,P0082,36.85,1,52
C0259,P0095,14.26,5,303
C0416,P0075,17.78,2,16
C0036,P0018,19.55,5,136
C0016,P0085,32.25,2,109
C0226,P0024,15.62,2,87
C0477,P0085,28.68,3,262
C0137,P0061,21.86,5,45
C0479,P0035,22.45,3,295
C0437,P0011,20.85,1,318
C0139,P0094,6.35,2,243
C0401,P0108,47.07,5,30
C0335,P0071,12.47,1,218
C0251,P0113,30.88,5,229
C0206,P0108,51.8,5,136
C0401,P0017,38.4,2,134
C0391,P0082,29.53,3,171
C0371,P0035,20.56,3,363
C0499,P0053,32.96,4,2
C0233,P0015,32.97,4,186
C0398,P0115,8.59,1,116
C0423,P0081,225.01,2,200
C0106,P0024,19.65,5,2
C0022,P0036,6.26,2,335
C0198,P0045,50.15,2,167
C0421,P0083,11.67,4,353
C0142,P0106,48.43,1,57
C0346,P0029,25.94,1,213
C0003,P0051,5.31,4,248
C0177,P0063,32.15,1,290
C0301,P0040,38.41,5,4
C0064,P0054,14.23,2,232
C0443,P0012,9.18,1,54
C0077,P0017,38.81,4,156
C0450,P0041,12.06,1,20
C0108,P0106,51.88,2,21
C0496,P0035,26.06,2,279
C0043,P0083,11.77,3,326
C0034,P0109,35.55,1,255
C0038,P0050,44.03,2,217
C0289,P0001,55.29,1,43
C0398,P0075,21.5,1,279
C0198,P0044,19.91,4,84
C0217,P0073,9.38,3,39
C0289,P0024,15.82,1,267
C0260,P0000,11.17,2,215
C0336,P0034,15.63,4,55
C0229,P0078,28.26,2,200
C0352,P0040,33.32,3,252
C0498,P0021,21.32,4,182
C0176,P0050,47.31,4,262
C0007,P0084,4.69,4,184
C0062,P0012,8.51,2,129
C0271,P0076,7.15,3,82
C0173,P0071,12.86,5,94
C0468,P0036,6.66,5,295
C0306,P0114,16.29,1,136
C0255,P0104,151.39,5,261
C0394,P0028,16.84,5,131
C0127,P0004,25.33,5,192
C0402,P0026,9.37,2,221
C0002,P0018,18.34,3,174
C0303,P0059,23.97,1,271
C0464,P0106,52.93,1,337
C0419,P0026,9.33,2,336
C0195,P0046,12.87,2,11
C0405,P0005,38.77,2,277
C0269,P0058,28.79,3,265
C0303,P0009,14.93,1,151
C0031,P0108,49.56,5,115
C0102,P0100,15.94,4,20
C0269,P0020,36.59,4,306
C0031,P0077,11.18,5,306
C0412,P0091,25.51,2,212
C0454,P0052,35.37,5,201
C0052,P0017,39.67,3,63
C0467,P0068,82.4,3,200
C0035,P0011,22.25,3,296
C0230,P0062,10.17,1,119
C0412,P0020,35.46,5,265
C0036,P0075,20.48,5,354
C0010,P0094,5.64,4,166
C0251,P0041,12.7,5,109
C0399,P0082,35.41,1,50
C0063,P0016,27.06,2,129
C0278,P0072,15.81,2,74
C0116,P0035,25.64,2,188
C0358,P0094,7.01,4,364
C0474,P0055,7.52,2,97
C0375,P0068,70.85,5,321
C0431,P0013,8.89,2,111
C0254,P0003,21.15,3,224
C0408,P0006,39.88,3,58
C0091,P0105,14.15,5,98
C0035,P0102,11.35,4,316
C0027,P0017,44.15,5,208
C0339,P0089,21.45,1,90
C0237,P0104,151.69,3,5
C0363,P0016,31.57,3,331
C0120,P0017,36.89,2,17
C0264,P0105,12.84,1,323
C0323,P0053,26.75,5,97
C0488,P0037,7.99,2,26
C0365,P0060,101.34,5,81
C0060,P0117,31.51,4,239
C0231,P0012,9.97,4,199
C0288,P0084,4.08,4,56
C0072,P0032,42.31,2,110
C0139,P0045,49.56,5,238
C0060,P0059,22.66,4,315
C0251,P0019,24.96,2,93
C0082,P0042,15.48,4,326
C0289,P0068,71.54,2,149
C0084,P0061,18.37,5,31
C0356,P0081,220.43,3,118
C0098,P0095,18.46,2,319
C0442,P0043,75.2,4,295
C0015,P0045,41.0,4,266
C0255,P0054,16.55,2,146
C0160,P0061,19.79,4,283
C0112,P0012,9.57,2,259
C0229,P0027,34.3,2,289
C0413,P0017,43.45,5,204
C0452,P0038,8.22,4,185
C0149,P0115,8.34,1,352
C0076,P0062,11.1,4,345
C0355,P0046,12.49,2,196
C0285,P0061,21.8,2,73
C0101,P0072,17.19,3,149
C0372,P0047,20.93,3,184
C0254,P0048,12.38,5,247
C0319,P0078,27.32,3,116
C0179,P0008,16.18,2,17
C0213,P0058,28.45,4,300
C0090,P0059,22.9,3,346
C0371,P0084,4.29,1,31
C0077,P0117,24.73,4,116
C0381,P0089,22.53,3,158
C0394,P0054,16.04,3,277
C0366,P0017,46.35,1,282
C0011,P0063,29.6,3,125
C0133,P0095,16.11,4,114
C0227,P0108,58.43,4,148
C0292,P0094,6.87,4,88
C0454,P0017,42.97,5,159
C0185,P0079,43.75,3,96
C0429,P0101,9.94,3,22
C0081,P0074,41.9,3,260
C0183,P0075,21.67,2,287
C0027,P0054,16.54,2,105
C0364,P0068,88.94,4,146
C0074,P0024,20.82,2,147
C0380,P0094,7.33,4,199
C0261,P0108,58.07,5,167
C0008,P0099,45.81,1,343
C0002,P0032,43.5,2,136
C0250,P0012,7.99,4,290
C0090,P0096,22.07,4,68
C0299,P0070,14.64,4,127
C0113,P0113,29.91,5,322
C0290,P0034,16.1,2,94
C0187,P0060,75.88,2,308
C0094,P0088,15.71,3,243
C0067,P0023,16.14,3,272
C0118,P0113,40.28,5,274
C0016,P0063,27.88,1,189
C0151,P0001,49.4,2,220
C0446,P0003,20.76,5,26
C0407,P0102,10.02,4,255
C0184,P0069,10.83,4,259
C0282,P0085,32.35,2,38
C0278,P0087,17.62,4,189
C0406,P0045,38.9,2,186
C0118,P0090,49.24,4,113
C0146,P0108,52.38,1,25
C0021,P0085,33.51,4,76
C0155,P0026,9.82,4,85
C0432,P0029,24.27,5,78
C0451,P0043,63.67,5,221
C0056,P0099,53.53,1,154
C0224,P0003,16.87,1,41
C0187,P0047,21.85,2,31
C0239,P0074,42.07,5,239
C0271,P0012,9.66,3,341
C0011,P0088,14.8,5,299
C0413,P0108,48.26,1,276
C0486,P0012,9.73,5,116
C0319,P0014,12.43,1,257
C0323,P0115,9.77,5,30
C0258,P0017,42.98,5,63
C0167,P0010,54.23,2,51
C0073,P0110,19.87,2,67
C0285,P0104,130.69,3,131
C0023,P0070,16.02,4,16
C0405,P0060,78.63,1,297
C0205,P0106,52.41,2,261
C0203,P0070,14.06,4,231
C0162,P0070,13.06,5,64
C0484,P0096,20.53,1,316
C0087,P0070,16.22,5,3
C0074,P0054,16.52,5,362
C0082,P0039,10.35,5,265
C0322,P0054,13.49,2,74
C0495,P0055,7.13,4,72
C0117,P0035,21.04,1,253
C0448,P0048,12.27,1,295
C0137,P0091,25.45,1,170
C0316,P0044,16.88,3,22
C0021,P0003,16.14,4,180
C0241,P0024,18.88,1,175
C0319,P0023,15.27,1,119
C0261,P0089,22.93,2,329
C0484,P0091,27.59,1,247
C0224,P0002,7.07,2,226
C0311,P0017,44.49,2,226
C0389,P0094,5.63,2,184
C0120,P0060,96.58,5,116
C0424,P0085,31.16,2,94
C0137,P0095,17.4,3,44
C0380,P0108,46.73,3,68
C0057,P0009,16.63,2,211
C0142,P0090,64.13,3,148
C0260,P0079,43.87,1,270
C0256,P0019,23.67,3,293
C0418,P0108,47.93,1,204
C0497,P0042,18.06,3,39
C0054,P0103,15.05,2,2
C0133,P0065,75.9,2,84
C0178,P0055,8.68,1,103
C0241,P0106,46.41,1,284
C0420,P0061,18.63,1,134
C0377,P0001,48.73,1,271
C0010,P0002,6.83,5,77
C0222,P0086,11.19,2,4
C0302,P0016,25.37,3,50
C0224,P0064,32.64,4,172
C0065,P0074,41.72,1,175
C0195,P0024,15.85,1,160
C0202,P0061,21.5,1,350
C0371,P0109,36.93,5,267
C0160,P0099,56.8,4,46
C0253,P0055,7.03,5,227
C0431,P0054,14.14,2,213
C0061,P0112,15.41,1,345
C0059,P0040,33.87,1,174
C0148,P0061,21.76,4,136
C0210,P0107,11.96,4,344
C0147,P0016,26.07,5,123
C0373,P0060,77.85,3,208
C0121,P0012,8.05,5,11
C0043,P0068,76.74,5,61
C0202,P0035,23.38,5,21
C0379,P0114,19.29,5,153
C0418,P0044,17.01,1,340
C0360,P0013,10.4,4,26
C0273,P0095,14.9,5,356
C0356,P0093,11.4,2,317
C0333,P0076,6.45,5,3
C0116,P0083,11.64,2,6
C0269,P0024,16.5,2,328
C0377,P0068,71.51,4,214
C0157,P0005,39.9,1,64
C0319,P0017,41.03,3,348
C0046,P0023,16.42,1,247
C0426,P0109,33.8,4,131
C0069,P0012,9.78,3,47
C0182,P0024,19.25,3,193
C0025,P0017,40.35,5,360
C0016,P0001,54.07,4,229
C0494,P0028,14.74,5,252
C0241,P0115,9.33,1,71
C0177,P0034,17.13,3,198
C0135,P0054,16.43,4,362
C0489,P0083,12.28,1,33
C0124,P0060,80.4,3,75
C0356,P0083,9.72,1,263
C0139,P0070,14.23,5,4
C0036,P0066,48.34,4,76
C0333,P0069,9.13,1,344
C0001,P0090,59.78,3,7
C0329,P0079,48.05,1,157
C0123,P0088,17.0,5,121
C0366,P0013,9.64,1,146
C0376,P0074,35.67,4,94
C0013,P0024,18.93,1,277
C0348,P0101,8.81,5,10
C0494,P0025,16.83,2,48
C0120,P0024,17.47,1,97
C0134,P0100,17.66,4,301
C0400,P0024,20.77,2,144
C0079,P0044,17.62,3,13
C0323,P0036,5.78,5,190
C0370,P0105,12.42,4,229
C0020,P0049,17.87,2,167
C0282,P0089,21.68,2,320
C0149,P0068,83.34,4,313
C0430,P0108,58.11,4,332
C0080,P0091,28.9,3,351
C0181,P0041,11.0,2,116
C0417,P0110,22.34,1,154
C0096,P0055,7.48,5,350
C0403,P0003,18.33,4,164
C0040,P0024,20.99,4,315
C0239,P0068,73.84,1,236
C0039,P0015,36.18,2,338
C0331,P0062,9.72,2,4
C0389,P0035,20.8,3,258
C0418,P0056,26.8,4,292
C0489,P0000,13.19,5,73
C0328,P0097,105.05,3,268
C0376,P0035,21.84,2,72
C0248,P0013,8.6,3,330
C0451,P0047,20.62,4,331
C0315,P0053,29.71,2,2
C0436,P0068,85.51,3,185
C0117,P0055,8.03,4,140
C0242,P0005,43.58,3,325
C0358,P0101,10.32,3,117
C0103,P0049,17.95,4,263
C0106,P0010,50.66,2,43
C0488,P0085,32.64,1,78
C0212,P0070,16.73,4,359
C0090,P0069,9.26,3,141
C0165,P0046,12.14,2,279
C0195,P0043,67.14,1,353
C0304,P0057,17.21,5,352
C0456,P0006,48.7,4,8
C0318,P0118,77.84,4,261
C0346,P0070,13.4,3,338
C0160,P0045,47.64,2,357
C0421,P0022,36.74,2,263
C0109,P0083,12.47,1,38
C0486,P0016,30.36,5,100
C0424,P0015,38.53,5,295
C0149,P0081,229.36,2,200
C0329,P0068,70.23,5,67
C0227,P0010,51.69,2,308
C0141,P0068,86.07,1,185
C0067,P0061,20.61,2,296
C0269,P0075,20.4,3,22
C0218,P0017,39.75,5,99
C0108,P0108,55.14,3,104
C0466,P0065,78.84,5,137
C0444,P0074,41.81,4,118
C0056,P0034,19.8,3,199
C0304,P0006,44.43,1,80
C0418,P0025,18.19,2,127
C0164,P0105,11.86,3,306
C0098,P0043,64.83,1,205
C0130,P0099,57.68,2,10
C0219,P0055,8.24,1,302
C0162,P0000,13.94,2,66
C0316,P0012,7.77,3,108
C0170,P0024,15.65,1,173
C0338,P0040,36.69,5,228
C0087,P0057,16.18,3,291
C0110,P0002,6.36,3,55
C0101,P0024,18.73,1,129
C0001,P0118,87.2,2,207
C0230,P0008,17.58,1,95
C0021,P0029,23.16,5,137
C0133,P0029,24.15,4,323
C0496,P0038,9.53,3,84
C0454,P0075,18.29,4,70
C0108,P0024,17.39,1,213
C0152,P0050,43.61,5,37
C0225,P0069,9.27,3,1
C0415,P0029,22.06,3,317
C0395,P0109,35.99,5,101
C0062,P0116,7.78,1,44
C0203,P0034,16.27,1,176
C0427,P0019,27.62,3,166
C0435,P0017,38.78,2,160
C0054,P0053,31.72,3,54
C0282,P0061,22.98,4,313
C0076,P0045,40.57,2,1
C0453,P0024,17.39,1,99
C0222,P0119,28.36,4,234
C0043,P0106,50.88,3,200
C0283,P0010,44.33,5,141
C0200,P0070,14.47,5,195
C0399,P0049,16.28,1,83
C0170,P0075,21.75,4,48
C0429,P0064,28.52,1,330
C0134,P0103,15.34,1,224
C0077,P0009,15.8,4,238
C0150,P0035,25.95,3,364
C0019,P0117,25.13,5,330
C0138,P0017,43.99,1,213
C0323,P0012,8.33,3,289
C0070,P0081,228.32,2,193
C0057,P0086,11.24,5,87
C0065,P0072,18.8,4,227
C0040,P0086,11.78,4,333
C0429,P0076,7.73,2,321
C0470,P0013,11.34,5,184
C0024,P0066,45.21,5,345
C0361,P0099,48.08,3,15
C0498,P0024,16.25,5,147
C0174,P0012,8.74,4,75
C0140,P0087,18.89,1,349
C0420,P0004,24.97,1,195
C0357,P0094,6.7,4,282
C0229,P0054,14.34,2,41
C0121,P0030,36.85,5,17
C0357,P0001,60.16,4,202
C0197,P0089,22.0,4,6
C0326,P0053,32.4,3,8
C0197,P0014,12.44,5,337
C0233,P0035,24.76,2,220
C0256,P0016,29.74,3,256
C0380,P0012,8.95,2,101
C0488,P0024,18.55,1,114
C0216,P0059,26.61,5,172
C0172,P0019,29.5,3,78
C0184,P0034,18.38,1,161
C0066,P0052,33.5,5,348
C0146,P0045,48.62,5,273
C0044,P0012,8.14,4,317
C0209,P0005,35.16,2,181
C0082,P0005,37.39,5,287
C0174,P0035,21.32,4,154
C0391,P0080,127.12,2,225
C0299,P0087,18.43,5,301
C0445,P0079,48.16,5,337
C0278,P0000,10.99,4,39
C0097,P0004,25.91,1,289
C0173,P0017,42.9,2,259
C0289,P0007,49.52,2,269
C0248,P0055,7.47,3,6
C0072,P0005,36.07,5,178
C0265,P0053,26.07,2,328
C0131,P0081,216.46,1,85
C0299,P0083,12.7,2,178
C0036,P0055,6.78,2,315
C0168,P0106,42.58,5,339
C0396,P0118,96.43,1,121
C0127,P0035,24.15,5,293
C0295,P0012,8.67,4,304
C0201,P0035,24.05,1,55
C0157,P0022,39.96,4,12
C0452,P0055,6.78,3,18
C0118,P0053,32.88,2,270
C0450,P0085,32.95,2,142
C0333,P0057,15.16,3,33
C0026,P0032,47.36,4,220
C0105,P0001,59.34,4,117
C0112,P0070,13.26,3,199
C0382,P0017,38.86,2,176
C0140,P0081,258.55,2,127
C0020,P0042,15.84,5,206
C0215,P0076,8.36,5,304
C0427,P0086,12.44,2,81
C0056,P0058,28.13,2,211
C0098,P0081,283.58,2,209
C0259,P0043,61.69,5,329
C0181,P0088,15.36,1,246
C0235,P0094,5.75,5,2
C0457,P0013,11.18,2,179
C0266,P0024,19.99,2,308
C0203,P0024,16.88,5,318
C0494,P0017,40.03,5,292
C0034,P0040,32.58,5,174
C0462,P0017,41.41,2,39
C0244,P0063,31.02,3,78
C0247,P0012,9.01,2,309
C0455,P0024,17.95,1,124
C0248,P0071,12.46,2,278
C0213,P0041,11.74,1,14
C0133,P0045,39.32,1,179
C0322,P0090,50.78,3,346
C0279,P0117,26.69,4,90
C0107,P0061,20.89,2,12
C0350,P0010,43.39,3,105
C0315,P0012,8.97,4,23
C0195,P0114,15.87,5,223
C0002,P0074,43.17,3,70
C0218,P0084,3.83,2,90
C0003,P0073,8.08,4,214
C0038,P0017,36.9,1,119
C0210,P0048,10.89,1,237
C0042,P0090,49.19,2,339
C0135,P0100,16.3,2,339
C0320,P0024,19.82,1,266
C0151,P0064,25.74,1,353
C0498,P0015,39.1,5,268
C0453,P0112,14.9,4,25
C0286,P0024,18.38,4,348
C0483,P0081,259.95,1,207
C0426,P0023,13.74,4,3
C0158,P0068,84.08,2,226
C0368,P0070,15.94,4,89
C0067,P0031,38.0,3,195
C0334,P0093,9.97,2,240
C0239,P0103,14.36,2,11
C0009,P0098,24.36,1,160
C0134,P0031,35.02,5,21
C0477,P0083,9.46,3,42
C0156,P0061,18.4,4,77
C0090,P0063,29.44,5,285
C0094,P0052,38.63,1,151
C0233,P0064,25.29,2,18
C0413,P0013,10.08,1,272
C0371,P0043,72.22,1,198
C0212,P0017,48.15,5,52
C0105,P0024,19.2,4,205
C0024,P0012,7.79,3,91
C0225,P0020,36.18,2,232
C0401,P0087,18.32,3,345
C0358,P0059,22.84,3,115
C0200,P0003,21.18,2,272
C0291,P0088,16.93,1,9
C0212,P0106,54.44,3,149
C0283,P0101,8.92,3,324
C0253,P0093,11.41,4,28
C0333,P0119,29.24,2,339
C0248,P0062,9.31,1,35
C0468,P0113,32.58,5,176
C0209,P0109,30.44,3,66
C0009,P0027,34.82,4,8
C0118,P0099,61.17,1,128
C0243,P0089,24.19,1,212
C0270,P0104,135.87,4,115
C0352,P0038,7.73,2,180
C0134,P0041,11.1,4,67
C0325,P0068,68.77,5,266
C0201,P0101,9.96,5,314
C0197,P0101,10.48,5,66
C0088,P0081,280.56,4,242
C0202,P0111,21.33,5,121
C0387,P0017,45.73,4,363
C0450,P0110,19.27,2,103
C0290,P0009,16.31,1,346
C0165,P0039,10.29,1,129
C0405,P0011,18.7,3,156
C0038,P0069,10.71,3,170
C0005,P0082,32.01,5,54
C0061,P0017,42.63,5,118
C0077,P0076,8.69,4,319
C0433,P0017,43.47,5,357
C0135,P0013,11.19,5,267
C0210,P0064,26.81,5,88
C0193,P0086,11.57,1,239
C0148,P0064,29.56,4,227
C0067,P0091,27.21,3,320
C0320,P0063,30.84,2,256
C0067,P0090,49.65,3,300
C0380,P0116,9.14,5,292
C0102,P0039,11.75,5,236
C0359,P0014,13.42,2,150
C0397,P0013,8.86,3,123
C0062,P0064,27.02,3,127
C0044,P0059,28.21,4,131
C0474,P0017,44.29,3,106
C0308,P0111,20.74,5,207
C0137,P0019,28.41,2,127
C0247,P0020,41.26,2,259
C0437,P0039,12.31,2,120
C0380,P0064,26.27,4,7
C0324,P0009,17.53,1,279
C0059,P0051,6.87,5,346
C0144,P0012,8.22,2,249
C0118,P0043,73.14,1,23
C0215,P0042,16.24,4,206
C0311,P0069,8.55,2,99
C0211,P0059,27.98,4,117
C0121,P0101,8.42,5,336
C0343,P0002,5.47,4,301
C0271,P0025,17.52,2,211
C0111,P0101,10.37,4,334
C0332,P0076,6.83,2,241
C0190,P0017,44.54,5,211
C0180,P0053,28.01,3,36
C0073,P0081,222.45,3,363
C0292,P0108,54.6,4,295
C0294,P0068,74.79,1,133
C0170,P0003,20.83,3,92
C0422,P0054,17.17,4,353
C0416,P0014,12.99,4,349
C0056,P0005,37.12,2,153
C0342,P0064,26.94,1,85
C0499,P0005,38.66,5,228
C0112,P0087,18.7,2,328
C0137,P0079,52.68,1,199
C0214,P0084,4.16,3,201
C0132,P0024,16.25,5,53
C0234,P0012,9.08,1,133
C0110,P0024,17.08,1,75
C0248,P0025,18.54,1,285
C0438,P0029,26.94,2,126
C0391,P0017,40.7,1,78
C0243,P0017,39.33,4,350
C0142,P0105,13.58,2,351
C0089,P0087,19.11,3,181
C0432,P0034,19.87,3,108
C0350,P0109,29.85,4,59
C0280,P0024,20.49,4,229
C0433,P0043,74.89,3,223
C0061,P0092,22.92,5,226
C0333,P0047,19.64,1,280
C0061,P0036,6.37,2,249
C0226,P0054,14.27,3,239
C0469,P0042,20.45,2,271
C0161,P0046,10.41,5,14
C0401,P0024,20.74,5,226
C0368,P0056,26.02,3,356
C0326,P0021,21.09,1,204
C0454,P0100,15.38,4,193
C0200,P0083,11.57,2,221
C0191,P0043,70.55,2,204
C0079,P0083,12.54,1,147
C0135,P0001,48.11,2,362
C0433,P0034,15.94,2,26
C0230,P0047,23.61,1,297
C0171,P0051,5.42,3,59
C0108,P0083,11.57,5,76
C0237,P0113,30.43,1,221
C0353,P0038,7.44,1,233
C0371,P0067,33.14,3,108
C0308,P0024,18.75,5,10
C0387,P0013,9.83,2,93
C0123,P0112,15.59,1,199
C0308,P0091,31.93,1,131
C0076,P0112,13.55,4,92
C0180,P0021,18.14,2,333
C0356,P0002,6.04,2,205
C0309,P0047,22.45,2,245
C0095,P0108,49.33,5,273
C0421,P0013,10.44,2,149
C0028,P0012,8.7,4,268
C0291,P0009,17.5,4,351
C0491,P0085,33.39,1,264
C0260,P0087,17.67,2,109
C0395,P0076,7.5,5,284
C0291,P0007,43.04,5,86
C0385,P0081,253.62,3,27
C0320,P0048,10.65,1,162
C0339,P0015,40.28,2,186
C0113,P0024,17.74,5,172
C0363,P0054,13.55,4,96
C0118,P0031,32.33,1,100
C0489,P0114,17.23,4,336
C0113,P0052,39.07,1,107
C0118,P0037,7.25,2,285
C0421,P0073,7.58,3,94
C0179,P0000,13.99,4,24
C0352,P0068,87.28,1,89
C0078,P0024,16.42,5,307
C0078,P0037,7.97,3,166
C0237,P0079,52.17,2,253
C0120,P0061,21.89,5,351
C0117,P0036,6.34,3,18
C0004,P0017,45.58,3,40
C0183,P0054,15.63,1,335
C0158,P0029,22.56,5,207
C0017,P0106,41.59,5,225
C0304,P0056,24.97,1,125
C0306,P0099,46.77,5,301
C0037,P0039,10.7,4,236
C0157,P0094,7.06,3,94
C0428,P0007,51.06,5,237
C0202,P0010,42.44,4,88
C0226,P0004,29.36,1,75
C0105,P0106,47.98,1,287
C0400,P0079,42.92,3,268
C0450,P0056,23.78,5,330
C0112,P0061,17.7,1,298
C0152,P0068,85.01,4,159
C0079,P0094,6.64,4,78
C0150,P0064,28.32,5,153
C0166,P0083,11.76,5,215
C0310,P0024,20.61,5,230
C0096,P0116,7.6,2,127
C0454,P0004,29.01,4,37
C0052,P0039,10.12,1,222
C0003,P0102,11.25,3,257
C0348,P0013,9.58,2,233
C0292,P0046,12.68,1,183
C0112,P0108,49.82,3,3
C0083,P0095,18.56,3,112
C0229,P0050,45.96,2,137
C0177,P0115,10.14,3,304
C0301,P0068,80.15,4,301
C0109,P0101,9.18,4,319
C0325,P0024,19.47,1,169
C0375,P0053,32.22,3,119
C0082,P0004,27.79,4,182
C0023,P0001,52.04,4,289
C0213,P0078,32.26,3,227
C0379,P0012,9.07,1,219
C0318,P0059,24.41,1,159
C0347,P0076,8.14,2,254
C0198,P0004,27.1,4,316
C0117,P0048,11.31,4,244
C0260,P0075,21.19,4,147
C0104,P0103,15.74,2,306
C0098,P0115,8.46,1,290
C0143,P0096,21.22,4,320
C0248,P0070,15.55,2,97
C0237,P0040,33.26,3,154
C0294,P0079,46.37,3,91
C0213,P0092,19.69,2,134
C0454,P0025,20.2,1,267
C0412,P0119,27.4,5,247
C0433,P0106,49.53,1,2
C0308,P0053,26.22,5,275
C0311,P0081,222.73,1,70
C0212,P0085,29.18,5,198
C0160,P0094,6.38,5,88
C0290,P0003,17.33,5,351
C0015,P0010,46.53,4,54
C0003,P0033,19.31,3,56
C0024,P0041,10.53,3,105
C0256,P0103,12.2,3,261
C0301,P0050,40.91,4,249
C0099,P0024,19.43,1,69
C0442,P0105,14.37,1,212
C0096,P0061,21.0,3,196
C0436,P0035,20.23,5,35
C0373,P0005,44.97,5,279
C0119,P0012,10.1,3,313
C0156,P0035,20.31,3,32
C0196,P0066,51.02,3,65
C0122,P0026,10.72,4,301
C0499,P0009,18.37,2,111
C0114,P0024,19.03,2,228
C0407,P0043,71.68,3,127
C0078,P0119,31.88,5,80
C0489,P0040,29.45,5,228
C0205,P0062,11.89,2,50
C0274,P0106,42.87,3,194
C0061,P0087,16.98,3,71
C0401,P0095,15.54,5,70
C0134,P0107,10.99,2,285
C0269,P0068,67.84,5,193
C0269,P0119,28.43,4,198
C0294,P0004,27.11,4,53
C0029,P0095,16.89,4,59
C0083,P0099,50.69,4,143
C0080,P0106,54.33,4,142
C0149,P0052,35.68,4,165
C0071,P0088,17.11,2,49
C0455,P0017,40.7,3,328
C0252,P0065,61.9,3,133
C0304,P0035,24.96,5,298
C0178,P0064,32.12,4,146
C0135,P0073,7.08,5,172
C0246,P0034,18.15,4,41
C0144,P0021,20.08,3,247
C0173,P0029,22.15,3,22
C0222,P0071,11.87,4,273
C0248,P0073,7.53,5,321
C0491,P0083,9.51,2,132
C0111,P0012,9.81,2,324
C0238,P0093,10.68,2,255
C0073,P0075,22.28,1,1
C0175,P0004,29.81,4,74
C0087,P0050,47.16,4,256
C0284,P0035,22.52,1,35
C0027,P0019,28.9,5,295
C0463,P0003,18.69,1,34
C0385,P0024,17.56,3,195
C0203,P0093,9.52,5,225
C0465,P0055,8.55,3,19
C0142,P0045,48.62,3,224
C0202,P0070,14.05,4,166
C0372,P0058,31.24,5,136
C0173,P0013,9.89,3,285
C0181,P0022,38.12,4,91
C0496,P0022,34.18,5,22
C0272,P0064,29.56,3,182
C0337,P0050,41.68,4,271
C0314,P0039,9.97,2,49
C0406,P0061,21.97,2,359
C0423,P0114,16.44,1,245
C0276,P0028,14.5,4,340
C0144,P0055,6.94,2,172
C0012,P0053,28.88,5,45
C0300,P0079,51.11,5,65
C0405,P0082,32.78,5,183
C0221,P0081,270.99,2,215
C0081,P0018,19.3,4,268
C0250,P0091,30.33,3,278
C0086,P0117,27.44,3,7
C0299,P0035,20.24,2,193
C0369,P0054,13.2,3,299
C0465,P0052,30.19,5,309
C0059,P0047,18.34,2,304
C0458,P0096,25.87,1,4
C0294,P0015,37.0,1,159
C0375,P0061,22.98,3,225
C0028,P0068,79.99,2,91
C0248,P0098,28.28,3,150
C0304,P0066,43.32,5,36
C0150,P0112,14.71,1,71
C0211,P0101,9.18,1,3
C0271,P0035,26.0,2,357
C0271,P0099,60.86,3,313
C0022,P0112,13.22,4,147
C0107,P0067,33.99,1,123
C0488,P0069,8.41,5,62
C0148,P0012,9.25,1,241
C0087,P0082,37.25,4,364
C0110,P0045,42.2,3,308
C0233,P0062,10.87,1,312
C0429,P0004,24.72,3,303
C0243,P0076,8.54,2,26
C0029,P0054,13.46,3,201
C0021,P0068,72.17,1,206
C0113,P0028,15.83,4,37
C0304,P0047,22.06,1,206
C0275,P0108,44.05,3,261
C0158,P0023,13.08,4,77
C0164,P0006,42.09,4,28
C0409,P0080,103.96,3,41
C0442,P0024,20.9,2,212
C0235,P0048,10.27,3,203
C0441,P0036,6.38,4,274
C0135,P0012,8.17,4,332
C0322,P0034,18.74,4,70
C0045,P0035,24.93,1,125
C0230,P0055,7.47,4,312
C0109,P0115,9.64,1,19
C0033,P0051,6.92,4,302
C0222,P0023,16.13,3,250
C0148,P0043,59.68,4,173
C0495,P0030,30.88,2,360
C0467,P0099,49.1,2,199
C0062,P0074,44.79,4,239
C0316,P0053,27.76,5,119
C0360,P0041,12.35,4,65
C0182,P0067,29.55,5,54
C0062,P0016,27.22,3,325
C0165,P0025,16.61,3,26
C0353,P0017,48.92,5,188
C0306,P0074,36.66,3,185
C0410,P0003,20.74,5,21
C0024,P0016,27.24,2,307
C0087,P0105,11.3,5,183
C0025,P0119,24.69,3,47
C0096,P0053,29.67,5,47
C0002,P0054,14.58,2,256
C0247,P0085,27.97,2,226
C0258,P0005,44.61,3,151
C0321,P0046,11.49,3,148
C0189,P0012,9.98,1,13
C0002,P0041,10.69,4,12
C0329,P0117,25.49,3,196
C0028,P0084,4.59,1,133
C0426,P0117,26.22,3,92
C0012,P0083,10.07,4,138
C0259,P0066,42.03,1,221
C0441,P0084,3.89,5,107
C0281,P0070,15.83,4,128
C0297,P0050,44.91,2,103
C0333,P0024,20.98,4,243
C0061,P0055,6.98,5,20
C0329,P0024,17.55,5,335
C0434,P0053,28.56,4,202
C0486,P0013,9.91,2,90
C0215,P0061,22.51,1,277
C0265,P0054,14.83,2,75
C0127,P0016,30.19,2,53
C0086,P0113,29.79,5,26
C0084,P0048,11.59,2,269
C0224,P0035,21.36,3,71
C0084,P0004,27.21,2,140
C0011,P0096,22.94,2,297
C0460,P0044,20.62,4,247
C0037,P0024,18.55,2,36
C0037,P0083,12.47,1,354
C0221,P0109,35.65,4,31
C0121,P0038,8.14,3,259
C0480,P0013,9.89,4,233
C0198,P0001,58.48,4,306
C0220,P0083,10.08,4,325
C0185,P0117,31.85,4,26
C0020,P0119,28.55,4,349
C0143,P0087,18.19,3,88
C0061,P0016,27.63,2,289
C0052,P0116,8.97,3,299
C0274,P0031,36.83,4,203
C0050,P0032,43.72,3,315
C0052,P0075,18.78,3,301
C0234,P0006,44.41,2,191
C0215,P0094,6.15,1,66
C0067,P0119,29.03,3,159
C0002,P0085,30.83,5,328
C0097,P0087,15.91,4,74
C0117,P0039,11.83,4,364
C0395,P0009,16.73,4,67
C0452,P0089,22.26,5,243
C0199,P0064,30.76,2,234
C0198,P0106,50.18,4,72
C0351,P0012,9.5,1,172
C0306,P0026,8.59,2,53
C0092,P0035,20.33,1,133
C0055,P0075,21.58,3,350
C0213,P0088,13.84,1,20
C0068,P0024,16.32,1,247
C0144,P0054,14.39,1,273
C0150,P0004,32.06,3,103
C0128,P0024,16.46,3,346
C0225,P0037,7.24,3,93
C0318,P0063,31.89,2,184
C0250,P0051,7.02,3,14
C0102,P0035,21.15,1,324
C0052,P0068,88.12,3,257
C0403,P0094,5.73,5,60
C0233,P0024,19.79,1,242
C0033,P0034,14.93,1,67
C0127,P0078,30.65,4,162
C0396,P0086,11.83,3,187
C0369,P0094,6.82,2,339
C0430,P0019,23.81,4,122
C0294,P0057,15.89,2,5
C0206,P0105,13.47,4,158
C0208,P0040,29.19,3,338
C0097,P0046,13.01,1,291
C0318,P0117,26.99,4,22
C0286,P0012,7.95,4,20
C0182,P0014,10.7,4,203
C0026,P0079,48.12,5,33
C0427,P0098,26.69,2,309
C0453,P0106,46.93,5,51
C0239,P0101,10.31,1,74
C0477,P0009,15.94,2,165
C0429,P0084,4.62,4,268
C0405,P0106,53.64,3,302
C0188,P0065,75.39,1,180
C0371,P0005,44.48,4,141
C0283,P0099,54.33,5,16
C0354,P0005,44.82,4,98
C0088,P0027,34.16,3,79
C0478,P0110,20.41,2,272
C0149,P0119,23.73,5,129
C0492,P0052,39.91,1,186
C0186,P0017,39.3,3,73
C0100,P0053,33.88,2,216
C0057,P0012,9.25,5,50
C0386,P0101,10.66,2,247
C0271,P0061,23.1,4,269
C0150,P0042,18.5,1,114
C0297,P0011,24.21,1,78
C0165,P0042,19.58,3,284
C0220,P0100,16.57,4,82
C0423,P0078,33.0,2,65
C0326,P0011,19.12,4,124
C0373,P0016,23.46,3,352
C0285,P0040,31.32,5,169
C0120,P0108,47.47,2,187
C0129,P0070,14.77,5,127
C0046,P0012,9.26,2,242
C0271,P0088,15.73,2,160
C0299,P0036,7.11,5,215
C0167,P0061,22.63,1,176
C0007,P0001,55.15,5,163
C0499,P0096,26.63,2,351
C0144,P0107,10.75,3,97
C0092,P0034,15.66,2,294
C0207,P0022,36.13,1,193
C0123,P0061,21.36,1,116
C0174,P0024,15.67,3,177
C0312,P0061,21.95,5,310
C0021,P0103,13.0,3,279
C0454,P0033,21.53,4,231
C0199,P0086,13.8,5,53
C0044,P0083,10.11,2,67
C0424,P0013,10.74,1,129
C0021,P0074,46.7,3,154
C0071,P0051,6.45,3,313
C0072,P0055,7.92,1,156
C0294,P0055,8.65,1,71
C0455,P0008,17.2,5,326
C0213,P0006,37.7,2,236
C0173,P0065,72.99,1,221
C0364,P0005,38.63,2,164
C0122,P0037,7.61,5,168
C0079,P0067,30.87,5,96
C0178,P0070,14.65,5,206
C0342,P0045,39.12,5,172
C0325,P0059,27.72,2,292
C0407,P0062,11.47,2,268
C0136,P0027,31.24,5,102
C0170,P0007,40.95,4,76
C0022,P0000,10.78,1,3
C0427,P0095,14.44,5,126
C0285,P0018,15.12,1,8
C0147,P0068,70.95,4,47
C0036,P0062,11.95,3,357
C0356,P0041,13.06,1,312
C0368,P0095,18.04,4,204
C0326,P0077,11.26,4,282
C0103,P0003,20.03,5,179
C0451,P0086,13.72,4,219
C0321,P0034,18.71,5,29
C0318,P0081,270.33,5,129
C0447,P0075,22.41,3,44
C0459,P0027,36.83,1,290
C0292,P0117,25.74,2,300
C0203,P0069,8.3,4,263
C0180,P0065,71.0,1,222
C0402,P0010,42.76,1,174
C0315,P0024,16.53,2,9
C0040,P0048,9.83,5,282
C0070,P0068,74.35,2,326
C0436,P0085,29.29,5,125
C0475,P0024,16.92,2,74
C0209,P0078,30.62,2,239
C0386,P0092,20.32,5,7
C0406,P0085,31.98,4,22
C0156,P0085,31.62,4,300
C0071,P0103,11.78,5,349
C0498,P0011,21.12,1,147
C0016,P0077,9.37,2,185
C0292,P0114,17.96,4,199
C0317,P0061,22.91,1,51
C0333,P0021,21.49,5,81
C0126,P0119,25.42,3,109
C0108,P0032,45.45,2,160
C0406,P0017,47.28,1,263
C0109,P0050,44.58,3,71
C0343,P0045,43.61,5,348
C0385,P0053,27.19,1,322
C0095,P0107,10.21,3,173
C0118,P0052,36.39,4,83
C0382,P0055,7.55,3,356
C0044,P0103,12.69,4,295
C0096,P0093,11.83,4,186
C0461,P0001,61.13,4,227
C0190,P0096,26.1,2,246
C0488,P0060,95.61,1,304
C0225,P0019,24.56,1,179
C0211,P0083,9.67,1,18
C0202,P0072,20.2,5,205
C0153,P0061,18.06,1,313
C0162,P0099,52.09,3,82
C0336,P0087,18.18,4,350
C0021,P0071,10.68,4,132
C0333,P0071,10.73,1,250
C0102,P0070,14.56,5,256
C0189,P0055,7.39,3,67
C0072,P0050,50.6,1,15
C0271,P0079,41.85,1,346
C0358,P0067,32.53,5,255
C0081,P0012,9.12,4,111
C0113,P0078,27.9,2,40
C0402,P0069,8.62,5,99
C0131,P0034,19.08,2,200
C0380,P0035,21.19,2,253
C0164,P0024,19.66,4,117
C0095,P0112,13.54,2,79
C0357,P0099,49.57,3,91
C0227,P0061,19.04,4,351
C0017,P0042,20.2,1,230
C0479,P0083,10.78,5,361
C0177,P0116,8.93,5,167
C0189,P0007,44.69,2,167
C0239,P0004,30.37,3,147
C0386,P0061,23.24,2,143
C0003,P0018,17.57,3,29
C0463,P0065,71.72,1,12
C0315,P0087,16.77,1,284
C0475,P0013,11.32,3,161
C0401,P0047,20.71,4,60
C0459,P0075,18.56,5,127
C0294,P0095,18.97,5,340
C0178,P0054,17.36,5,171
C0215,P0019,27.31,4,361
C0321,P0062,10.33,4,59
C0208,P0049,19.71,2,45
C0359,P0085,33.39,5,206
C0407,P0024,17.42,3,358
C0104,P0084,4.19,1,170
C0470,P0055,7.31,1,73
C0076,P0017,37.74,3,197
C0064,P0061,21.95,4,112
C0400,P0109,29.42,3,66
C0402,P0078,30.57,5,33
C0362,P0024,20.19,3,264
C0479,P0079,46.59,4,234
C0133,P0024,17.22,4,61
C0405,P0058,33.52,5,204
C0262,P0024,20.47,3,298
C0218,P0034,15.19,1,166
C0003,P0108,50.35,4,21
C0282,P0024,19.08,1,232
C0367,P0091,26.74,2,188
C0087,P0071,11.81,3,336
C0462,P0056,23.68,1,202
C0259,P0013,10.12,4,269
C0088,P0018,15.52,2,193
C0315,P0017,46.41,3,197
C0096,P0062,11.09,2,116
C0033,P0115,9.15,2,147
C0335,P0101,8.24,2,108
C0363,P0015,33.95,4,125
C0029,P0116,9.3,1,169
C0399,P0024,16.02,3,345
C0393,P0018,15.91,1,56
C0069,P0068,84.73,3,93
C0049,P0022,32.65,3,150
C0309,P0072,18.77,4,125
C0471,P0003,16.24,3,182
C0105,P0011,18.69,2,133
C0333,P0035,22.65,3,175
C0063,P0116,9.08,1,323
C0105,P0059,24.62,2,359
C0221,P0084,4.66,4,89
C0281,P0029,26.68,4,15
C0499,P0080,137.53,2,12
C0015,P0113,33.47,2,163
C0000,P0035,20.69,2,229
C0176,P0119,25.91,2,19
C0182,P0068,70.74,5,186
C0436,P0083,10.77,4,146
C0451,P0024,20.4,2,340
C0434,P0068,75.46,3,220
C0070,P0055,6.9,3,155
C0366,P0105,14.6,2,50
C0154,P0041,10.78,5,173
C0325,P0109,36.16,2,121
C0118,P0103,15.06,3,66
C0161,P0063,27.48,1,144
C0422,P0011,21.8,3,233
C0123,P0016,26.93,5,213
C0481,P0010,45.26,5,351
C0150,P0012,8.64,3,100
C0013,P0116,7.76,1,255
C0126,P0020,42.98,4,201
C0085,P0076,8.31,4,319
C0248,P0068,74.52,5,331
C0058,P0068,80.67,3,258
C0306,P0019,25.61,1,155
C0429,P0062,9.61,5,195
C0180,P0068,82.97,4,238
C0083,P0061,18.04,5,294
C0197,P0017,46.23,1,84
C0387,P0081,235.14,3,318
C0052,P0063,27.2,2,33
C0262,P0047,19.99,5,99
C0227,P0024,19.73,1,86
C0162,P0091,27.91,1,212
C0489,P0108,57.12,5,110
C0087,P0102,10.8,1,69
C0097,P0035,20.28,3,25
C0071,P0026,9.18,1,168
C0280,P0013,10.13,2,117
C0215,P0106,49.56,3,184
C0123,P0068,87.05,1,78
C0210,P0004,28.29,2,105
C0328,P0055,7.07,3,325
C0138,P0011,19.54,1,294
C0150,P0055,8.26,4,59
C0099,P0011,18.56,2,355
C0477,P0092,22.3,1,248
C0172,P0058,32.08,4,255
C0413,P0068,69.0,1,81
C0254,P0113,31.93,2,156
C0174,P0054,17.12,5,143
C0412,P0106,49.02,2,263
C0369,P0035,22.73,2,67
C0147,P0099,57.85,4,179
C0296,P0024,20.57,3,304
C0183,P0079,44.56,2,72
C0480,P0117,24.85,1,299
C0269,P0111,27.15,4,318
C0293,P0047,18.72,2,157
C0293,P0055,7.17,5,17
C0269,P0064,25.71,4,197
C0142,P0024,20.02,5,110
C0485,P0073,9.35,1,214
C0304,P0077,10.23,1,51
C0327,P0055,7.31,5,294
C0222,P0013,9.25,2,250
C0175,P0068,68.67,3,81
C0324,P0013,11.18,1,97
C0433,P0003,16.62,4,134
C0149,P0035,23.22,1,338
C0166,P0068,90.78,1,15
C0073,P0073,8.69,5,278
C0180,P0013,8.63,4,211
C0052,P0008,20.2,4,212
C0087,P0068,76.16,3,302
C0463,P0070,15.45,2,226
C0122,P0061,21.71,3,156
C0324,P0024,17.92,3,200
C0077,P0091,24.84,5,269
C0097,P0010,47.07,5,138
C0433,P0068,87.89,4,63
C0010,P0070,12.78,5,364
C0244,P0044,20.99,4,41
C0423,P0080,127.76,5,64
C0063,P0061,22.26,1,303
C0490,P0013,9.65,3,43
C0330,P0075,23.53,1,78
C0369,P0010,45.52,1,285
C0344,P0079,46.11,5,268
C0189,P0009,15.81,4,314
C0161,P0022,37.04,1,185
C0354,P0093,11.16,4,320
C0353,P0091,28.01,4,217
C0475,P0098,31.04,2,174
C0278,P0030,35.74,5,232
C0239,P0085,31.83,5,221
C0300,P0013,9.96,1,304
C0208,P0081,217.74,3,349
C0286,P0106,50.03,3,3
C0004,P0068,70.19,3,227
C0310,P0053,29.38,3,86
C0202,P0034,19.19,1,163
C0282,P0081,240.56,4,288
C0231,P0058,30.63,4,135
C0260,P0055,7.98,1,221
C0035,P0017,36.9,4,243
C0443,P0076,7.38,3,326
C0450,P0040,30.97,2,72
C0268,P0017,38.78,3,205
C0272,P0108,54.09,3,148
C0030,P0055,6.58,2,169
C0292,P0055,8.79,4,309
C0210,P0117,27.28,4,50
C0350,P0035,21.63,2,199
C0024,P0108,58.2,3,142
C0350,P0076,7.53,4,327
C0318,P0024,19.43,3,85
C0306,P0006,48.17,5,34
C0113,P0047,18.5,5,161
C0409,P0010,55.95,4,183
C0296,P0063,24.15,5,82
C0035,P0081,268.19,1,146
C0153,P0082,34.72,4,250
C0314,P0110,23.5,1,23
C0300,P0083,12.76,2,55
C0005,P0087,15.21,4,116
C0296,P0078,32.61,5,190
C0360,P0022,37.65,5,322
C0031,P0109,37.31,1,25
C0149,P0070,14.52,1,230
C0205,P0088,13.52,5,357
C0089,P0114,18.86,4,303
C0037,P0029,21.8,1,8
C0058,P0069,10.2,1,210
C0326,P0003,17.17,5,167
C0129,P0061,17.26,4,163
C0350,P0091,25.82,5,180
C0025,P0067,36.12,1,205
C0192,P0081,224.45,5,70
C0393,P0013,10.62,3,28
C0385,P0104,130.88,4,19
C0185,P0012,7.91,4,148
C0304,P0099,49.49,1,185
C0113,P0054,16.6,3,286
C0284,P0046,12.05,2,158
C0041,P0054,16.44,1,194
C0091,P0050,47.45,5,273
C0217,P0091,25.87,2,133
C0289,P0016,24.76,4,56
C0179,P0073,7.87,2,335
C0142,P0099,51.16,1,202
C0103,P0093,9.7,1,29
C0451,P0045,50.29,1,176
C0394,P0005,39.01,5,34
C0066,P0108,53.37,3,358
C0366,P0040,29.94,5,193
C0204,P0035,23.78,4,286
C0008,P0085,30.89,2,172
C0258,P0024,20.73,5,8
C0065,P0095,16.19,2,233
C0343,P0083,10.47,5,84
C0127,P0113,35.88,3,261
C0440,P0119,31.45,3,83
C0321,P0106,49.78,3,252
C0408,P0101,10.11,5,273
C0301,P0024,20.42,2,51
C0427,P0113,39.52,5,107
C0180,P0107,10.87,5,60
C0269,P0056,23.62,4,265
C0253,P0042,18.4,1,86
C0082,P0063,28.24,1,152
C0283,P0077,10.34,4,31
C0369,P0042,18.33,2,322
C0183,P0043,60.3,5,259
C0426,P0061,18.3,1,96
C0184,P0004,25.0,2,321
C0087,P0112,12.47,2,259
C0205,P0013,9.39,1,65
C0008,P0001,47.94,3,4
C0098,P0099,51.0,5,197
C0440,P0014,11.11,4,333
C0266,P0048,9.76,1,350
C0053,P0017,45.03,1,218
C0261,P0083,9.82,3,230
C0420,P0008,17.0,3,106
C0368,P0059,22.65,3,1
C0142,P0038,8.09,1,71
C0062,P0050,43.15,4,21
C0445,P0045,42.23,2,250
C0420,P0014,10.85,1,184
C0028,P0021,16.63,5,281
C0404,P0009,18.83,2,54
C0049,P0012,8.32,2,333
C0033,P0116,7.76,3,262
C0372,P0024,18.47,5,330
C0261,P0026,8.36,5,237
C0447,P0084,3.87,4,228
C0411,P0106,47.47,4,220
C0030,P0088,17.03,5,66
C0302,P0067,29.3,5,37
C0378,P0092,19.67,4,237
C0269,P0042,18.68,4,35
C0490,P0099,61.6,2,37
C0335,P0090,55.59,5,27
C0053,P0000,12.82,5,227
C0099,P0053,26.58,5,338
C0405,P0024,19.13,5,181
C0498,P0012,8.18,4,56
C0050,P0096,24.3,5,187
C0051,P0001,46.66,4,176
C0373,P0081,254.31,2,216
C0033,P0118,79.93,1,158
C0035,P0053,31.29,5,194
C0438,P0036,6.83,3,119
C0395,P0065,80.37,5,330
C0434,P0091,31.93,2,196
C0317,P0024,18.13,2,114
C0161,P0024,19.29,5,2
C0448,P0066,40.94,3,248
C0147,P0108,57.97,4,139
C0135,P0024,18.99,2,91
C0437,P0037,7.53,4,175
C0442,P0017,45.92,5,293
C0077,P0010,53.6,3,198
C0476,P0063,30.94,1,256
C0299,P0003,18.83,4,236
C0313,P0038,8.77,2,52
C0387,P0061,21.05,5,161
C0443,P0068,84.15,4,146
C0332,P0091,28.26,5,294
C0035,P0089,24.39,2,351
C0091,P0071,12.95,4,39
C0476,P0104,132.33,4,79
C0484,P0095,14.98,1,282
C0483,P0013,10.14,4,64
C0020,P0111,24.61,1,181
C0188,P0104,135.6,5,344
C0372,P0029,27.68,1,356
C0369,P0003,16.48,1,346
C0044,P0065,68.13,3,49
C0297,P0047,23.09,1,55
C0070,P0083,12.59,1,65
C0241,P0055,7.54,1,281
C0119,P0010,44.24,2,66
C0028,P0024,17.91,3,157
C0450,P0005,39.44,1,180
C0365,P0083,10.37,4,343
C0462,P0024,17.32,2,182
C0228,P0048,12.01,4,139
C0202,P0055,7.99,5,353
C0178,P0024,19.24,1,200
C0302,P0070,14.17,5,68
C0366,P0011,20.11,5,282
C0430,P0083,10.77,1,3
C0120,P0081,260.46,5,40
C0257,P0058,29.75,3,229
C0111,P0086,14.24,1,271
C0020,P0012,8.49,1,238
C0349,P0012,8.67,2,140
C0269,P0070,16.22,2,275
C0356,P0076,6.79,3,211
C0044,P0092,22.22,3,338
C0497,P0017,41.34,5,134
C0496,P0055,8.83,5,275
C0226,P0070,15.69,4,53
C0426,P0022,30.16,4,267
C0120,P0055,8.5,5,267
C0362,P0068,83.91,2,93
C0433,P0020,41.21,3,23
C0400,P0037,7.1,4,362
C0400,P0021,17.14,2,28
C0225,P0105,13.21,5,171
C0339,P0012,9.8,1,152
C0065,P0005,36.41,2,299
C0058,P0005,40.83,5,183
C0377,P0017,39.41,2,88
C0306,P0066,49.81,2,144
C0254,P0002,5.52,5,34
C0448,P0024,17.75,1,217
C0323,P0008,16.74,1,2
C0194,P0042,18.71,5,128
C0202,P0005,37.05,2,23
C0295,P0066,51.75,1,88
C0372,P0075,18.17,3,25
C0276,P0082,34.76,4,338
C0249,P0022,36.34,4,282
C0357,P0100,14.09,1,338
C0348,P0076,6.51,2,249
C0407,P0007,43.62,4,181
C0033,P0047,21.49,4,64
C0370,P0085,34.61,4,351
C0252,P0027,31.77,2,334
C0038,P0038,9.04,5,152
C0353,P0007,48.63,5,142
C0256,P0114,17.13,5,144
C0392,P0017,48.59,4,334
C0148,P0004,27.95,3,25
C0102,P0000,13.52,2,231
C0176,P0041,11.04,3,280
C0201,P0102,12.38,1,278
C0343,P0093,12.31,2,71
C0416,P0106,53.88,4,151
C0355,P0056,24.46,3,125
C0182,P0038,7.49,3,32
C0078,P0005,41.3,1,31
C0335,P0106,45.71,5,9
C0122,P0054,15.98,5,352
C0257,P0049,18.21,2,152
C0391,P0055,6.57,2,83
C0327,P0089,20.15,4,291
C0147,P0022,30.5,1,180
C0166,P0079,46.92,1,133
C0319,P0079,52.86,5,42
C0269,P0097,108.13,1,141
C0048,P0001,57.84,3,236
C0428,P0017,46.55,5,227
C0252,P0051,5.92,4,143
C0230,P0097,101.1,2,224
C0099,P0113,35.14,1,280
C0185,P0063,25.03,4,339
C0166,P0020,41.66,3,193
C0133,P0017,45.44,5,83
C0278,P0068,81.72,4,48
C0438,P0060,78.26,2,4
C0469,P0095,17.93,4,204
C0110,P0039,10.08,4,78
C0496,P0024,18.31,2,117
C0423,P0077,10.85,2,302
C0013,P0035,21.42,4,50
C0124,P0015,35.0,1,125
C0022,P0012,8.01,5,19
C0403,P0012,9.03,2,196
C0284,P0070,16.53,3,46
C0252,P0067,30.84,2,88
C0124,P0054,16.91,4,321
C0294,P0014,11.59,1,199
C0315,P0008,18.26,1,276
C0360,P0106,47.12,1,275
C0328,P0008,16.65,4,361
C0165,P0045,39.28,3,33
C0405,P0000,12.68,4,85
C0063,P0017,37.96,2,226
C0098,P0106,53.88,3,361
C0312,P0005,37.55,1,37
C0142,P0093,10.47,5,84
C0060,P0070,16.45,2,109
C0076,P0024,20.53,4,245
C0082,P0018,17.56,1,347
C0296,P0094,5.8,2,273
C0088,P0099,50.16,2,282
C0351,P0017,46.21,3,152
C0138,P0035,21.81,1,222
C0153,P0024,19.42,1,63
C0386,P0069,9.42,2,107
C0479,P0034,16.71,3,339
C0240,P0022,35.39,4,134
C0022,P0099,54.98,4,144
C0128,P0083,12.76,4,147
C0077,P0085,34.04,5,329
C0414,P0005,41.51,4,340
C0482,P0061,22.81,2,363
C0288,P0054,17.05,5,276
C0254,P0001,59.41,3,309
C0417,P0105,12.64,3,334
C0015,P0058,26.63,5,122
C0059,P0070,14.22,2,104
C0413,P0090,54.88,1,113
C0259,P0076,7.31,1,170
C0032,P0106,48.83,4,19
C0408,P0022,33.58,3,79
C0015,P0018,18.42,2,295
C0067,P0079,50.1,2,61
C0226,P0064,25.34,1,279
C0434,P0079,54.25,4,96
C0311,P0059,24.31,5,167
C0304,P0088,14.8,3,320
C0143,P0029,24.45,3,305
C0066,P0099,51.67,3,335
C0053,P0068,67.56,4,323
C0259,P0104,149.75,2,146
C0129,P0031,40.33,1,243
C0291,P0026,9.78,5,356
C0394,P0061,17.62,2,135
C0380,P0043,70.67,1,319
C0427,P0012,8.39,4,186
C0226,P0018,18.77,3,239
C0004,P0056,26.04,1,358
C0366,P0063,27.72,5,166
C0149,P0005,45.04,2,200
C0275,P0012,9.28,2,338
C0084,P0115,9.24,4,335
C0402,P0071,11.33,2,146
C0401,P0004,26.47,1,277
C0431,P0089,23.27,4,230
C0024,P0055,7.91,2,236
C0495,P0010,53.82,5,263
C0122,P0074,41.44,1,119
C0151,P0054,15.63,5,111
C0123,P0018,17.31,4,10
C0131,P0101,10.26,2,312
C0271,P0024,17.88,3,101
C0119,P0024,20.29,5,246
C0193,P0024,17.4,1,250
C0409,P0079,53.63,3,315
C0340,P0105,13.75,5,316
C0291,P0023,13.77,2,1
C0072,P0087,18.69,4,306
C0401,P0061,18.48,5,76
C0020,P0026,8.17,2,235
C0129,P0005,42.64,1,245
C0030,P0093,11.7,2,20
C0326,P0024,15.72,3,104
C0174,P0000,13.76,5,85
C0223,P0119,30.29,3,30
C0224,P0092,24.21,4,61
C0024,P0053,32.64,5,233
C0210,P0074,46.58,5,307
C0313,P0052,36.08,2,217
C0266,P0083,10.21,2,104
C0039,P0013,9.58,4,313
C0326,P0048,12.34,3,134
C0151,P0032,37.48,3,115
C0008,P0050,54.25,4,185
C0076,P0048,10.46,4,50
C0242,P0013,11.03,5,130
C0152,P0116,8.79,2,291
C0342,P0002,7.03,4,222
C0119,P0001,60.55,2,360
C0378,P0037,7.53,5,283
C0303,P0017,39.13,4,280
C0394,P0056,28.34,1,315
C0189,P0081,276.65,5,230
C0261,P0117,24.14,5,184
C0497,P0033,22.2,4,332
C0484,P0068,71.26,3,87
C0110,P0012,9.68,2,155
C0370,P0079,44.53,5,93
C0173,P0095,18.84,3,37
C0079,P0012,10.09,5,225
C0244,P0024,18.9,4,83
C0263,P0001,49.52,2,278
C0406,P0117,30.76,3,88
C0168,P0064,31.02,3,315
C0326,P0066,54.7,4,18
C0182,P0112,13.99,4,167
C0022,P0094,5.58,1,25
C0186,P0092,24.84,2,22
C0474,P0033,24.97,1,288
C0235,P0032,38.29,3,25
C0055,P0024,19.59,4,325
C0480,P0036,6.47,4,176
C0448,P0013,9.5,1,335
C0280,P0035,22.2,5,142
C0185,P0048,10.59,4,146
C0284,P0027,33.77,4,150
C0401,P0016,27.12,4,237
C0422,P0037,7.13,2,309
C0402,P0053,29.37,5,198
C0222,P0080,124.0,4,103
C0060,P0079,51.01,1,324
C0279,P0018,18.36,5,219
C0077,P0005,36.18,4,303
C0032,P0025,15.58,2,158
C0243,P0015,40.16,5,73
C0320,P0040,37.55,2,344
C0420,P0116,10.1,4,247
C0384,P0017,48.5,4,113
C0421,P0029,25.77,5,309
C0372,P0081,282.28,3,4
C0348,P0055,7.59,5,339
C0004,P0005,42.59,2,211
C0306,P0016,31.25,5,215
C0061,P0108,56.28,2,5
C0031,P0012,8.62,5,65
C0077,P0068,76.19,4,263
C0404,P0088,14.09,4,204
C0365,P0024,17.62,1,47
C0474,P0081,276.7,3,243
C0488,P0017,45.2,1,272
C0066,P0027,38.52,2,251
C0432,P0119,26.87,5,355
C0411,P0020,41.17,5,176
C0074,P0106,48.29,4,351
C0059,P0016,29.39,2,332
C0456,P0101,10.17,1,167
C0087,P0069,10.2,2,155
C0062,P0081,232.63,4,114
C0496,P0119,28.58,2,239
C0451,P0104,151.3,4,135
C0110,P0055,8.51,1,237
C0207,P0057,15.15,1,197
